event_time,user_id,video_id,watch_time,duration,watch_ratio,is_click,is_like,is_share,timestamp
2022-05-03 11:39:25.705,627,1686520,1.258,10.3,0.1221,0,0,0,2026-05-03T11:44:04.609+07:00
2022-04-27 13:08:48.777,118,423236,7.415,156.2,0.0475,1,0,0,2026-05-03T11:44:04.620+07:00
2022-04-22 03:02:10.713,917,360112,1.957,293.68,0.0067,0,0,0,2026-05-03T11:44:04.692+07:00
2022-05-05 15:38:56.413,716,3425915,1.383,8.0,0.1729,0,0,0,2026-05-03T11:44:04.713+07:00
2022-05-01 13:20:06.272,996,2070442,1.081,53.0,0.0204,0,0,0,2026-05-03T11:44:04.724+07:00
2022-05-02 07:06:39.065,539,1092124,21.737,30.833,0.705,1,0,0,2026-05-03T11:44:04.734+07:00
2022-05-07 06:03:26.745,736,363927,8.48,7.266,1.0,1,0,0,2026-05-03T11:44:04.796+07:00
2022-04-30 23:59:15.078,187,393728,10.84,11.133,0.9737,1,0,0,2026-05-03T11:44:04.806+07:00
2022-05-01 02:15:39.569,104,4276215,0.0,198.2,0.0,0,0,0,2026-05-03T11:44:04.848+07:00
2022-05-05 23:51:00.833,571,2736121,80.34,186.866,0.4299,1,0,0,2026-05-03T11:44:04.868+07:00
2022-04-23 21:52:36.440,925,2080591,7.273,8.931,0.8144,1,0,0,2026-05-03T11:44:04.920+07:00
2022-05-08 12:08:13.464,904,233800,12.902,11.2,1.0,1,0,0,2026-05-03T11:44:04.941+07:00
2022-05-05 06:17:10.738,352,2233272,0.0,15.2,0.0,0,0,0,2026-05-03T11:44:04.951+07:00
2022-05-04 22:38:56.535,580,1837595,2.768,99.56,0.0278,0,0,0,2026-05-03T11:44:04.962+07:00
2022-05-03 09:03:21.564,999,37556,6.827,94.2,0.0725,0,0,0,2026-05-03T11:44:04.972+07:00
2022-04-28 07:07:12.903,265,349009,1.585,10.958,0.1446,0,0,0,2026-05-03T11:44:05.003+07:00
2022-04-23 03:54:54.729,797,1723307,1.295,249.817,0.0052,0,0,0,2026-05-03T11:44:05.034+07:00
2022-05-06 09:52:16.727,997,3039004,5.609,72.0,0.0779,0,0,0,2026-05-03T11:44:05.045+07:00
2022-04-23 22:20:22.395,567,1500846,0.0,41.833,0.0,0,0,0,2026-05-03T11:44:05.086+07:00
2022-04-22 14:39:20.563,492,2866756,57.081,43.5,1.0,1,0,0,2026-05-03T11:44:05.137+07:00
2022-05-05 19:30:18.105,954,4174300,1.3,22.566,0.0576,0,0,0,2026-05-03T11:44:05.148+07:00
2022-04-27 08:22:32.718,599,1226754,0.0,70.033,0.0,0,0,0,2026-05-03T11:44:05.189+07:00
2022-05-03 11:40:56.229,981,995895,1.195,6.066,0.197,0,0,0,2026-05-03T11:44:05.221+07:00
2022-04-30 02:27:39.235,13,1284339,7.42,148.414,0.05,1,0,0,2026-05-03T11:44:05.262+07:00
2022-05-01 19:02:48.465,447,488789,0.0,101.383,0.0,0,0,0,2026-05-03T11:44:05.272+07:00
2022-05-02 08:55:42.354,875,1123643,4.614,44.866,0.1028,0,0,0,2026-05-03T11:44:05.283+07:00
2022-04-27 17:35:34.819,549,1115374,14.903,19.133,0.7789,1,0,0,2026-05-03T11:44:05.303+07:00
2022-04-24 08:08:16.394,445,2185665,16.232,8.133,1.0,1,0,0,2026-05-03T11:44:05.324+07:00
2022-05-01 05:34:49.458,561,3166122,7.482,8.47,0.8834,1,0,0,2026-05-03T11:44:05.345+07:00
2022-04-28 11:43:05.554,382,1468862,0.259,12.0,0.0216,0,0,0,2026-05-03T11:44:05.407+07:00
2022-04-29 09:27:02.807,684,1459425,5.621,123.6,0.0455,0,0,0,2026-05-03T11:44:05.427+07:00
2022-04-22 05:26:31.895,790,1150114,105.285,11.0,1.0,1,0,0,2026-05-03T11:44:05.448+07:00
2022-04-24 01:02:12.716,911,780807,1.132,15.041,0.0753,0,0,0,2026-05-03T11:44:05.459+07:00
2022-05-02 08:34:11.500,930,2678698,3.668,218.84,0.0168,0,0,0,2026-05-03T11:44:05.521+07:00
2022-05-02 16:51:00.909,190,3868580,17.979,6.1,1.0,1,0,0,2026-05-03T11:44:05.532+07:00
2022-05-08 03:31:28.119,962,2734095,0.0,239.1,0.0,0,0,0,2026-05-03T11:44:05.543+07:00
2022-05-01 04:01:12.017,998,144560,0.775,78.633,0.0099,0,0,0,2026-05-03T11:44:05.553+07:00
2022-05-02 06:22:17.808,829,1354570,0.0,18.344,0.0,0,0,0,2026-05-03T11:44:05.564+07:00
2022-05-04 14:08:36.681,652,2287172,23.022,21.68,1.0,1,0,0,2026-05-03T11:44:05.607+07:00
2022-04-23 03:37:01.608,799,270543,3.051,10.166,0.3001,0,0,0,2026-05-03T11:44:05.649+07:00
2022-05-06 20:41:11.882,617,1101375,0.0,66.833,0.0,0,0,0,2026-05-03T11:44:05.691+07:00
2022-04-25 11:49:40.532,68,669362,6.224,0.0,0.0,0,0,0,2026-05-03T11:44:05.743+07:00
2022-04-26 10:50:22.545,527,2818245,2.251,85.48,0.0263,0,0,0,2026-05-03T11:44:05.763+07:00
2022-04-26 03:09:18.884,49,1121826,5.664,354.12,0.016,0,0,0,2026-05-03T11:44:05.784+07:00
2022-04-26 18:35:36.427,894,3789303,40.555,230.56,0.1759,1,0,0,2026-05-03T11:44:05.795+07:00
2022-05-04 14:14:01.861,941,1988056,180.71,177.166,1.0,1,0,0,2026-05-03T11:44:05.805+07:00
2022-04-30 22:16:42.456,619,2688014,27.469,0.0,0.0,1,1,1,2026-05-03T11:44:05.898+07:00
2022-04-24 10:04:41.564,996,1099279,4.092,136.7,0.0299,0,0,0,2026-05-03T11:44:05.919+07:00
2022-04-27 03:57:39.370,447,891526,0.0,0.0,0.0,0,0,0,2026-05-03T11:44:05.940+07:00
2022-05-03 07:54:53.593,490,660322,4.582,226.666,0.0202,0,0,0,2026-05-03T11:44:05.961+07:00
2022-05-07 06:54:21.661,128,411898,0.0,286.966,0.0,0,0,0,2026-05-03T11:44:05.971+07:00
2022-04-27 11:37:43.115,322,2902161,20.104,77.4,0.2597,1,0,0,2026-05-03T11:44:06.085+07:00
2022-05-02 23:28:39.469,927,3004245,22.017,0.0,0.0,1,0,0,2026-05-03T11:44:06.095+07:00
2022-05-04 15:26:00.267,54,4296555,9.897,145.133,0.0682,1,0,0,2026-05-03T11:44:06.147+07:00
2022-04-28 21:53:49.998,656,739574,11.986,107.533,0.1115,1,0,0,2026-05-03T11:44:06.199+07:00
2022-05-05 06:12:25.868,6,3332215,4.063,72.1,0.0564,0,0,0,2026-05-03T11:44:06.220+07:00
2022-04-25 11:35:30.810,15,2510866,0.0,14.95,0.0,0,0,0,2026-05-03T11:44:06.292+07:00
2022-05-03 11:07:59.918,462,3469906,51.556,63.666,0.8098,1,1,0,2026-05-03T11:44:06.323+07:00
2022-04-27 08:17:18.960,372,2581414,14.564,16.1,0.9046,1,0,0,2026-05-03T11:44:06.416+07:00
2022-05-04 12:51:34.656,412,3341217,0.0,10.733,0.0,0,0,0,2026-05-03T11:44:06.437+07:00
2022-04-29 12:47:20.288,671,3374032,2.711,4.766,0.5688,0,0,0,2026-05-03T11:44:06.571+07:00
2022-05-03 10:35:50.559,317,4002455,60.501,53.7,1.0,1,0,0,2026-05-03T11:44:06.602+07:00
2022-04-28 04:23:07.444,94,1073163,3.797,0.0,0.0,0,0,0,2026-05-03T11:44:06.623+07:00
2022-04-25 14:55:36.643,127,2954411,0.0,58.158,0.0,0,0,0,2026-05-03T11:44:06.633+07:00
2022-04-26 09:20:45.621,15,689849,0.0,12.6,0.0,0,0,0,2026-05-03T11:44:06.643+07:00
2022-05-02 09:32:53.686,205,1130971,0.0,7.7,0.0,0,0,0,2026-05-03T11:44:06.653+07:00
2022-04-27 11:15:02.320,395,1077145,44.66,148.0,0.3018,1,0,0,2026-05-03T11:44:06.674+07:00
2022-05-04 10:46:50.622,216,3713209,25.533,78.386,0.3257,1,0,0,2026-05-03T11:44:06.695+07:00
2022-04-30 08:17:25.490,66,1555499,1.297,295.85,0.0044,0,0,0,2026-05-03T11:44:06.705+07:00
2022-05-02 14:00:14.412,540,3529618,0.0,11.866,0.0,0,0,0,2026-05-03T11:44:06.737+07:00
2022-05-04 04:01:51.241,47,3455356,2.634,35.666,0.0739,0,0,0,2026-05-03T11:44:06.748+07:00
2022-04-30 01:55:54.444,27,606938,9.994,151.516,0.066,1,0,0,2026-05-03T11:44:06.758+07:00
2022-04-29 09:41:35.086,976,503094,1.533,190.791,0.008,0,0,0,2026-05-03T11:44:06.769+07:00
2022-04-30 12:15:42.288,347,1590566,4.267,340.166,0.0125,0,0,0,2026-05-03T11:44:06.800+07:00
2022-05-04 14:45:59.848,734,353655,2.089,35.375,0.0591,0,0,0,2026-05-03T11:44:06.822+07:00
2022-05-08 04:20:07.303,71,323087,4.947,181.233,0.0273,0,0,0,2026-05-03T11:44:06.875+07:00
2022-05-08 10:43:56.733,893,3742720,0.594,7.9,0.0752,0,0,0,2026-05-03T11:44:06.906+07:00
2022-04-23 01:37:34.631,862,3727179,8.149,9.175,0.8882,1,0,0,2026-05-03T11:44:06.937+07:00
2022-04-30 07:57:41.796,472,4069534,12.321,11.52,1.0,1,0,0,2026-05-03T11:44:06.947+07:00
2022-04-24 22:34:42.761,605,3732842,1.2,108.05,0.0111,0,0,0,2026-05-03T11:44:06.968+07:00
2022-05-06 09:03:28.415,75,3751326,0.0,28.0,0.0,0,0,0,2026-05-03T11:44:06.999+07:00
2022-05-05 16:26:01.985,553,923976,0.0,104.133,0.0,0,0,0,2026-05-03T11:44:07.009+07:00
2022-04-24 01:26:59.518,109,1680138,1.088,0.0,0.0,0,0,0,2026-05-03T11:44:07.041+07:00
2022-04-22 03:15:06.155,970,294810,0.0,44.533,0.0,0,0,0,2026-05-03T11:44:07.061+07:00
2022-04-24 03:17:41.196,462,48876,7.953,0.0,0.0,1,1,0,2026-05-03T11:44:07.092+07:00
2022-05-05 08:16:32.897,797,1727799,1.971,27.694,0.0712,0,0,0,2026-05-03T11:44:07.154+07:00
2022-04-30 13:52:07.645,261,2116999,0.0,12.466,0.0,1,0,0,2026-05-03T11:44:07.196+07:00
2022-04-23 15:47:23.259,36,1516221,0.0,11.5,0.0,0,0,0,2026-05-03T11:44:07.217+07:00
2022-05-07 08:07:56.120,476,2463680,2.012,276.96,0.0073,0,0,0,2026-05-03T11:44:07.227+07:00
2022-05-01 09:24:03.951,516,3182652,135.855,138.5,0.9809,1,0,0,2026-05-03T11:44:07.248+07:00
2022-05-08 05:46:33.884,963,2283768,11.956,38.733,0.3087,1,0,0,2026-05-03T11:44:07.279+07:00
2022-04-30 15:07:19.951,942,4123778,4.047,72.333,0.0559,0,0,0,2026-05-03T11:44:07.341+07:00
2022-04-22 11:46:24.786,140,2114711,0.0,6.05,0.0,0,0,0,2026-05-03T11:44:07.383+07:00
2022-04-23 07:34:33.744,909,1693966,0.609,11.2,0.0544,0,0,0,2026-05-03T11:44:07.393+07:00
2022-04-23 08:04:15.577,718,1304344,13.711,12.833,1.0,1,0,0,2026-05-03T11:44:07.445+07:00
2022-05-03 17:04:35.932,975,538114,7.096,0.0,0.0,1,0,0,2026-05-03T11:44:07.455+07:00
2022-05-05 13:19:21.647,324,3666923,41.963,113.533,0.3696,1,0,0,2026-05-03T11:44:07.549+07:00
2022-05-03 00:28:08.219,179,3231110,12.447,11.48,1.0,1,0,0,2026-05-03T11:44:07.570+07:00
2022-05-04 15:12:14.423,68,2655009,2.682,84.76,0.0316,0,0,0,2026-05-03T11:44:07.591+07:00
2022-04-24 13:14:24.917,310,213979,1.67,141.954,0.0118,0,0,0,2026-05-03T11:44:07.602+07:00
2022-05-05 10:44:04.283,358,1441443,10.787,8.933,1.0,1,0,0,2026-05-03T11:44:07.634+07:00
2022-05-08 04:31:58.099,937,1700883,11.045,44.86,0.2462,1,0,0,2026-05-03T11:44:07.644+07:00
2022-05-08 04:42:33.005,732,2909866,1.705,14.766,0.1155,0,0,0,2026-05-03T11:44:07.665+07:00
2022-04-28 15:31:35.100,893,3339322,7.294,9.092,0.8022,1,0,0,2026-05-03T11:44:07.728+07:00
2022-04-22 14:38:49.601,851,1800605,1.6,29.333,0.0545,0,0,0,2026-05-03T11:44:07.739+07:00
2022-05-07 03:44:39.978,605,2366843,15.761,65.0,0.2425,1,0,0,2026-05-03T11:44:07.759+07:00
2022-04-25 09:09:24.046,379,3945377,0.0,0.0,0.0,0,0,0,2026-05-03T11:44:07.791+07:00
2022-04-28 19:15:48.741,858,2748904,1.372,16.166,0.0849,0,0,0,2026-05-03T11:44:07.873+07:00
2022-05-03 10:25:43.075,547,3503789,1.621,15.6,0.1039,0,0,0,2026-05-03T11:44:07.904+07:00
2022-05-04 09:21:21.070,173,1181059,3.197,11.3,0.2829,0,0,0,2026-05-03T11:44:07.935+07:00
2022-05-05 05:15:59.800,750,3101780,2.34,0.0,0.0,0,0,0,2026-05-03T11:44:07.987+07:00
2022-05-04 04:52:52.586,655,2234372,1.509,62.4,0.0242,0,0,0,2026-05-03T11:44:08.028+07:00
2022-05-05 12:11:01.507,840,2706779,1.401,8.033,0.1744,0,0,0,2026-05-03T11:44:08.039+07:00
2022-04-30 11:10:00.083,413,3397458,0.0,27.866,0.0,0,0,0,2026-05-03T11:44:08.049+07:00
2022-04-27 05:12:27.869,781,3388296,0.0,25.2,0.0,0,0,0,2026-05-03T11:44:08.059+07:00
2022-05-06 16:59:34.843,640,3473593,0.938,24.733,0.0379,1,0,0,2026-05-03T11:44:08.070+07:00
2022-05-05 16:05:46.060,342,60950,65.908,64.12,1.0,1,0,0,2026-05-03T11:44:08.090+07:00
2022-04-22 00:28:18.362,787,2611737,0.0,29.994,0.0,0,0,0,2026-05-03T11:44:08.101+07:00
2022-04-25 22:13:39.349,148,1442977,64.612,148.6,0.4348,1,0,0,2026-05-03T11:44:08.111+07:00
2022-04-22 17:57:39.564,151,3980728,18.966,0.0,0.0,1,0,0,2026-05-03T11:44:08.121+07:00
2022-04-28 02:45:14.807,208,472723,43.293,12.7,1.0,1,0,0,2026-05-03T11:44:08.132+07:00
2022-04-29 07:55:04.396,518,59640,1.382,184.32,0.0075,0,0,0,2026-05-03T11:44:08.173+07:00
2022-04-30 08:55:07.679,978,4363288,0.0,97.291,0.0,0,0,0,2026-05-03T11:44:08.194+07:00
2022-05-02 18:52:57.054,325,1689640,61.275,59.85,1.0,1,0,0,2026-05-03T11:44:08.204+07:00
2022-04-22 00:47:35.443,787,3541091,0.0,60.003,0.0,0,0,0,2026-05-03T11:44:08.225+07:00
2022-05-03 17:01:00.744,73,220478,4.697,22.2,0.2116,0,0,0,2026-05-03T11:44:08.235+07:00
2022-05-02 05:01:33.879,410,553446,23.938,47.433,0.5047,1,0,0,2026-05-03T11:44:08.246+07:00
2022-05-01 14:58:41.793,261,823316,0.0,177.7,0.0,0,0,0,2026-05-03T11:44:08.328+07:00
2022-05-07 13:24:14.083,538,270543,9.903,10.166,0.9741,1,1,0,2026-05-03T11:44:08.370+07:00
2022-04-27 13:06:28.551,554,3821871,0.535,71.6,0.0075,0,0,0,2026-05-03T11:44:08.411+07:00
2022-05-08 12:57:53.681,725,338272,1.809,7.033,0.2572,0,0,0,2026-05-03T11:44:08.442+07:00
2022-05-08 03:42:50.749,81,3553438,0.0,115.233,0.0,0,0,0,2026-05-03T11:44:08.475+07:00
2022-05-04 12:25:12.304,878,3230509,5.686,8.8,0.6461,0,0,0,2026-05-03T11:44:08.549+07:00
2022-04-23 12:58:30.704,180,937228,4.398,0.0,0.0,0,0,0,2026-05-03T11:44:08.560+07:00
2022-05-03 03:07:02.580,458,2668179,10.743,259.3,0.0414,1,0,0,2026-05-03T11:44:08.654+07:00
2022-05-06 12:17:19.037,100,1532833,0.0,42.533,0.0,0,0,0,2026-05-03T11:44:08.695+07:00
2022-04-27 22:49:53.249,430,2703070,1.605,18.2,0.0882,0,0,0,2026-05-03T11:44:08.706+07:00
2022-05-05 11:51:43.294,658,288345,108.813,14.9,1.0,0,0,0,2026-05-03T11:44:08.716+07:00
2022-05-04 08:06:41.913,26,1176973,6.962,8.366,0.8322,0,0,0,2026-05-03T11:44:08.748+07:00
2022-04-28 00:14:32.521,348,840606,1.858,156.466,0.0119,0,0,0,2026-05-03T11:44:08.779+07:00
2022-04-27 12:33:41.738,513,2818564,0.0,52.816,0.0,0,0,0,2026-05-03T11:44:08.799+07:00
2022-05-03 09:53:41.540,542,82647,9.355,345.433,0.0271,1,0,0,2026-05-03T11:44:08.809+07:00
2022-04-23 11:34:58.506,464,4318511,1.743,13.16,0.1324,0,0,0,2026-05-03T11:44:08.820+07:00
2022-05-04 09:18:42.784,418,2899950,0.786,32.966,0.0238,0,0,0,2026-05-03T11:44:08.851+07:00
2022-05-04 04:32:30.442,408,3881851,43.99,0.0,0.0,1,0,0,2026-05-03T11:44:08.933+07:00
2022-04-22 11:33:04.716,633,1365210,60.967,66.583,0.9157,1,0,0,2026-05-03T11:44:08.964+07:00
2022-04-29 23:42:15.436,205,498265,0.0,0.0,0.0,0,0,0,2026-05-03T11:44:08.985+07:00
2022-05-04 10:07:18.192,232,2094632,13.554,12.616,1.0,1,0,0,2026-05-03T11:44:08.995+07:00
2022-05-04 05:53:38.488,974,4109016,0.0,82.233,0.0,0,0,0,2026-05-03T11:44:09.016+07:00
2022-04-28 04:00:15.224,283,3324420,2.577,9.4,0.2741,0,0,0,2026-05-03T11:44:09.047+07:00
2022-05-01 09:58:35.206,837,893170,2.761,182.9,0.0151,0,0,0,2026-05-03T11:44:09.089+07:00
2022-05-03 03:15:49.004,859,3156668,6.709,228.483,0.0294,0,0,0,2026-05-03T11:44:09.151+07:00
2022-04-23 13:43:39.624,649,503885,2.215,135.766,0.0163,0,0,0,2026-05-03T11:44:09.161+07:00
2022-05-03 09:15:10.257,674,1855698,1.512,17.183,0.088,0,0,0,2026-05-03T11:44:09.192+07:00
2022-04-25 02:08:41.053,299,665646,31.367,97.7,0.3211,1,0,0,2026-05-03T11:44:09.233+07:00
2022-05-08 13:14:32.332,82,2281057,2.344,0.0,0.0,0,0,0,2026-05-03T11:44:09.254+07:00
2022-05-06 14:34:28.680,187,432940,1.913,415.633,0.0046,0,0,0,2026-05-03T11:44:09.264+07:00
2022-05-08 08:57:58.783,21,3515015,1.027,7.977,0.1287,0,0,0,2026-05-03T11:44:09.275+07:00
2022-05-05 06:56:13.494,410,2656232,1.468,300.1,0.0049,0,0,0,2026-05-03T11:44:09.285+07:00
2022-05-03 23:39:20.352,281,4232813,8.084,12.35,0.6546,1,0,0,2026-05-03T11:44:09.316+07:00
2022-04-27 06:38:16.843,871,2694737,3.298,14.4,0.229,0,0,0,2026-05-03T11:44:09.327+07:00
2022-04-25 10:05:49.061,575,301089,72.339,71.066,1.0,1,0,0,2026-05-03T11:44:09.337+07:00
2022-04-29 10:12:28.209,959,4036730,1.902,7.7,0.247,0,0,0,2026-05-03T11:44:09.400+07:00
2022-04-22 16:24:17.462,554,3788359,13.309,740.466,0.018,1,0,0,2026-05-03T11:44:09.451+07:00
2022-05-05 12:53:33.441,736,2973941,1.777,7.291,0.2437,1,0,0,2026-05-03T11:44:09.503+07:00
2022-05-01 14:35:57.681,88,1571095,4.227,82.332,0.0513,0,0,0,2026-05-03T11:44:09.513+07:00
2022-04-28 17:13:38.905,507,1988760,0.0,394.2,0.0,0,0,0,2026-05-03T11:44:09.534+07:00
2022-04-27 09:37:57.390,19,2687232,0.0,0.0,0.0,0,0,0,2026-05-03T11:44:09.554+07:00
2022-04-29 16:52:58.683,664,3389671,0.0,9.0,0.0,0,0,0,2026-05-03T11:44:09.627+07:00
2022-04-29 05:06:56.391,704,2213480,11.686,11.077,1.0,1,0,0,2026-05-03T11:44:09.690+07:00
2022-05-04 18:19:42.457,324,2217745,0.0,131.483,0.0,0,0,0,2026-05-03T11:44:09.733+07:00
2022-04-25 10:39:10.238,269,2700504,53.111,56.833,0.9345,1,0,0,2026-05-03T11:44:09.744+07:00
2022-04-27 12:31:52.412,2,2976933,27.62,14.033,1.0,1,0,0,2026-05-03T11:44:09.754+07:00
2022-05-03 11:39:25.705,627,1686520,1.258,10.3,0.1221,0,0,0,2026-05-03T11:45:02.592+07:00
2022-04-27 13:08:48.777,118,423236,7.415,156.2,0.0475,1,0,0,2026-05-03T11:45:02.602+07:00
2022-04-22 03:02:10.713,917,360112,1.957,293.68,0.0067,0,0,0,2026-05-03T11:45:02.674+07:00
2022-05-05 15:38:56.413,716,3425915,1.383,8.0,0.1729,0,0,0,2026-05-03T11:45:02.695+07:00
2022-05-01 13:20:06.272,996,2070442,1.081,53.0,0.0204,0,0,0,2026-05-03T11:45:02.705+07:00
2022-05-02 07:06:39.065,539,1092124,21.737,30.833,0.705,1,0,0,2026-05-03T11:45:02.715+07:00
2022-05-07 06:03:26.745,736,363927,8.48,7.266,1.0,1,0,0,2026-05-03T11:45:02.777+07:00
2022-04-30 23:59:15.078,187,393728,10.84,11.133,0.9737,1,0,0,2026-05-03T11:45:02.788+07:00
2022-05-01 02:15:39.569,104,4276215,0.0,198.2,0.0,0,0,0,2026-05-03T11:45:02.830+07:00
2022-05-05 23:51:00.833,571,2736121,80.34,186.866,0.4299,1,0,0,2026-05-03T11:45:02.851+07:00
2022-04-23 21:52:36.440,925,2080591,7.273,8.931,0.8144,1,0,0,2026-05-03T11:45:02.903+07:00
2022-05-08 12:08:13.464,904,233800,12.902,11.2,1.0,1,0,0,2026-05-03T11:45:02.924+07:00
2022-05-05 06:17:10.738,352,2233272,0.0,15.2,0.0,0,0,0,2026-05-03T11:45:02.935+07:00
2022-05-04 22:38:56.535,580,1837595,2.768,99.56,0.0278,0,0,0,2026-05-03T11:45:02.945+07:00
2022-05-03 09:03:21.564,999,37556,6.827,94.2,0.0725,0,0,0,2026-05-03T11:45:02.956+07:00
2022-04-28 07:07:12.903,265,349009,1.585,10.958,0.1446,0,0,0,2026-05-03T11:45:02.988+07:00
2022-04-23 03:54:54.729,797,1723307,1.295,249.817,0.0052,0,0,0,2026-05-03T11:45:03.019+07:00
2022-05-06 09:52:16.727,997,3039004,5.609,72.0,0.0779,0,0,0,2026-05-03T11:45:03.030+07:00
2022-04-23 22:20:22.395,567,1500846,0.0,41.833,0.0,0,0,0,2026-05-03T11:45:03.072+07:00
2022-04-22 14:39:20.563,492,2866756,57.081,43.5,1.0,1,0,0,2026-05-03T11:45:03.124+07:00
2022-05-05 19:30:18.105,954,4174300,1.3,22.566,0.0576,0,0,0,2026-05-03T11:45:03.135+07:00
2022-04-27 08:22:32.718,599,1226754,0.0,70.033,0.0,0,0,0,2026-05-03T11:45:03.177+07:00
2022-05-03 11:40:56.229,981,995895,1.195,6.066,0.197,0,0,0,2026-05-03T11:45:03.209+07:00
2022-04-30 02:27:39.235,13,1284339,7.42,148.414,0.05,1,0,0,2026-05-03T11:45:03.251+07:00
2022-05-01 19:02:48.465,447,488789,0.0,101.383,0.0,0,0,0,2026-05-03T11:45:03.261+07:00
2022-05-02 08:55:42.354,875,1123643,4.614,44.866,0.1028,0,0,0,2026-05-03T11:45:03.272+07:00
2022-04-27 17:35:34.819,549,1115374,14.903,19.133,0.7789,1,0,0,2026-05-03T11:45:03.293+07:00
2022-04-24 08:08:16.394,445,2185665,16.232,8.133,1.0,1,0,0,2026-05-03T11:45:03.314+07:00
2022-05-01 05:34:49.458,561,3166122,7.482,8.47,0.8834,1,0,0,2026-05-03T11:45:03.335+07:00
2022-04-28 11:43:05.554,382,1468862,0.259,12.0,0.0216,0,0,0,2026-05-03T11:45:03.399+07:00
2022-04-29 09:27:02.807,684,1459425,5.621,123.6,0.0455,0,0,0,2026-05-03T11:45:03.420+07:00
2022-04-22 05:26:31.895,790,1150114,105.285,11.0,1.0,1,0,0,2026-05-03T11:45:03.442+07:00
2022-04-24 01:02:12.716,911,780807,1.132,15.041,0.0753,0,0,0,2026-05-03T11:45:03.452+07:00
2022-05-02 08:34:11.500,930,2678698,3.668,218.84,0.0168,0,0,0,2026-05-03T11:45:03.516+07:00
2022-05-02 16:51:00.909,190,3868580,17.979,6.1,1.0,1,0,0,2026-05-03T11:45:03.527+07:00
2022-05-08 03:31:28.119,962,2734095,0.0,239.1,0.0,0,0,0,2026-05-03T11:45:03.537+07:00
2022-05-01 04:01:12.017,998,144560,0.775,78.633,0.0099,0,0,0,2026-05-03T11:45:03.548+07:00
2022-05-02 06:22:17.808,829,1354570,0.0,18.344,0.0,0,0,0,2026-05-03T11:45:03.559+07:00
2022-05-04 14:08:36.681,652,2287172,23.022,21.68,1.0,1,0,0,2026-05-03T11:45:03.601+07:00
2022-04-23 03:37:01.608,799,270543,3.051,10.166,0.3001,0,0,0,2026-05-03T11:45:03.644+07:00
2022-05-06 20:41:11.882,617,1101375,0.0,66.833,0.0,0,0,0,2026-05-03T11:45:03.686+07:00
2022-04-25 11:49:40.532,68,669362,6.224,0.0,0.0,0,0,0,2026-05-03T11:45:03.739+07:00
2022-04-26 10:50:22.545,527,2818245,2.251,85.48,0.0263,0,0,0,2026-05-03T11:45:03.760+07:00
2022-04-26 03:09:18.884,49,1121826,5.664,354.12,0.016,0,0,0,2026-05-03T11:45:03.782+07:00
2022-04-26 18:35:36.427,894,3789303,40.555,230.56,0.1759,1,0,0,2026-05-03T11:45:03.792+07:00
2022-05-04 14:14:01.861,941,1988056,180.71,177.166,1.0,1,0,0,2026-05-03T11:45:03.803+07:00
2022-04-30 22:16:42.456,619,2688014,27.469,0.0,0.0,1,1,1,2026-05-03T11:45:03.899+07:00
2022-04-24 10:04:41.564,996,1099279,4.092,136.7,0.0299,0,0,0,2026-05-03T11:45:03.920+07:00
2022-04-27 03:57:39.370,447,891526,0.0,0.0,0.0,0,0,0,2026-05-03T11:45:03.941+07:00
2022-05-03 07:54:53.593,490,660322,4.582,226.666,0.0202,0,0,0,2026-05-03T11:45:03.962+07:00
2022-05-07 06:54:21.661,128,411898,0.0,286.966,0.0,0,0,0,2026-05-03T11:45:03.973+07:00
2022-04-27 11:37:43.115,322,2902161,20.104,77.4,0.2597,1,0,0,2026-05-03T11:45:04.090+07:00
2022-05-02 23:28:39.469,927,3004245,22.017,0.0,0.0,1,0,0,2026-05-03T11:45:04.100+07:00
2022-05-04 15:26:00.267,54,4296555,9.897,145.133,0.0682,1,0,0,2026-05-03T11:45:04.154+07:00
2022-04-28 21:53:49.998,656,739574,11.986,107.533,0.1115,1,0,0,2026-05-03T11:45:04.206+07:00
2022-05-05 06:12:25.868,6,3332215,4.063,72.1,0.0564,0,0,0,2026-05-03T11:45:04.228+07:00
2022-04-25 11:35:30.810,15,2510866,0.0,14.95,0.0,0,0,0,2026-05-03T11:45:04.306+07:00
2022-05-03 11:07:59.918,462,3469906,51.556,63.666,0.8098,1,1,0,2026-05-03T11:45:04.339+07:00
2022-04-27 08:17:18.960,372,2581414,14.564,16.1,0.9046,1,0,0,2026-05-03T11:45:04.435+07:00
2022-05-04 12:51:34.656,412,3341217,0.0,10.733,0.0,0,0,0,2026-05-03T11:45:04.459+07:00
2022-04-29 12:47:20.288,671,3374032,2.711,4.766,0.5688,0,0,0,2026-05-03T11:45:04.613+07:00
2022-05-03 10:35:50.559,317,4002455,60.501,53.7,1.0,1,0,0,2026-05-03T11:45:04.644+07:00
2022-04-28 04:23:07.444,94,1073163,3.797,0.0,0.0,0,0,0,2026-05-03T11:45:04.665+07:00
2022-04-25 14:55:36.643,127,2954411,0.0,58.158,0.0,0,0,0,2026-05-03T11:45:04.676+07:00
2022-04-26 09:20:45.621,15,689849,0.0,12.6,0.0,0,0,0,2026-05-03T11:45:04.687+07:00
2022-05-02 09:32:53.686,205,1130971,0.0,7.7,0.0,0,0,0,2026-05-03T11:45:04.697+07:00
2022-04-27 11:15:02.320,395,1077145,44.66,148.0,0.3018,1,0,0,2026-05-03T11:45:04.718+07:00
2022-05-04 10:46:50.622,216,3713209,25.533,78.386,0.3257,1,0,0,2026-05-03T11:45:04.740+07:00
2022-04-30 08:17:25.490,66,1555499,1.297,295.85,0.0044,0,0,0,2026-05-03T11:45:04.750+07:00
2022-05-02 14:00:14.412,540,3529618,0.0,11.866,0.0,0,0,0,2026-05-03T11:45:04.782+07:00
2022-05-04 04:01:51.241,47,3455356,2.634,35.666,0.0739,0,0,0,2026-05-03T11:45:04.793+07:00
2022-04-30 01:55:54.444,27,606938,9.994,151.516,0.066,1,0,0,2026-05-03T11:45:04.803+07:00
2022-04-29 09:41:35.086,976,503094,1.533,190.791,0.008,0,0,0,2026-05-03T11:45:04.814+07:00
2022-04-30 12:15:42.288,347,1590566,4.267,340.166,0.0125,0,0,0,2026-05-03T11:45:04.846+07:00
2022-05-04 14:45:59.848,734,353655,2.089,35.375,0.0591,0,0,0,2026-05-03T11:45:04.867+07:00
2022-05-08 04:20:07.303,71,323087,4.947,181.233,0.0273,0,0,0,2026-05-03T11:45:04.923+07:00
2022-05-08 10:43:56.733,893,3742720,0.594,7.9,0.0752,0,0,0,2026-05-03T11:45:04.957+07:00
2022-04-23 01:37:34.631,862,3727179,8.149,9.175,0.8882,1,0,0,2026-05-03T11:45:04.990+07:00
2022-04-30 07:57:41.796,472,4069534,12.321,11.52,1.0,1,0,0,2026-05-03T11:45:05.001+07:00
2022-04-24 22:34:42.761,605,3732842,1.2,108.05,0.0111,0,0,0,2026-05-03T11:45:05.026+07:00
2022-05-06 09:03:28.415,75,3751326,0.0,28.0,0.0,0,0,0,2026-05-03T11:45:05.058+07:00
2022-05-05 16:26:01.985,553,923976,0.0,104.133,0.0,0,0,0,2026-05-03T11:45:05.073+07:00
2022-04-24 01:26:59.518,109,1680138,1.088,0.0,0.0,0,0,0,2026-05-03T11:45:05.106+07:00
2022-04-22 03:15:06.155,970,294810,0.0,44.533,0.0,0,0,0,2026-05-03T11:45:05.127+07:00
2022-04-24 03:17:41.196,462,48876,7.953,0.0,0.0,1,1,0,2026-05-03T11:45:05.160+07:00
2022-05-05 08:16:32.897,797,1727799,1.971,27.694,0.0712,0,0,0,2026-05-03T11:45:05.227+07:00
2022-04-30 13:52:07.645,261,2116999,0.0,12.466,0.0,1,0,0,2026-05-03T11:45:05.273+07:00
2022-04-23 15:47:23.259,36,1516221,0.0,11.5,0.0,0,0,0,2026-05-03T11:45:05.295+07:00
2022-05-07 08:07:56.120,476,2463680,2.012,276.96,0.0073,0,0,0,2026-05-03T11:45:05.306+07:00
2022-05-01 09:24:03.951,516,3182652,135.855,138.5,0.9809,1,0,0,2026-05-03T11:45:05.327+07:00
2022-05-08 05:46:33.884,963,2283768,11.956,38.733,0.3087,1,0,0,2026-05-03T11:45:05.359+07:00
2022-04-30 15:07:19.951,942,4123778,4.047,72.333,0.0559,0,0,0,2026-05-03T11:45:05.422+07:00
2022-04-22 11:46:24.786,140,2114711,0.0,6.05,0.0,0,0,0,2026-05-03T11:45:05.464+07:00
2022-04-23 07:34:33.744,909,1693966,0.609,11.2,0.0544,0,0,0,2026-05-03T11:45:05.475+07:00
2022-04-23 08:04:15.577,718,1304344,13.711,12.833,1.0,1,0,0,2026-05-03T11:45:05.528+07:00
2022-05-03 17:04:35.932,975,538114,7.096,0.0,0.0,1,0,0,2026-05-03T11:45:05.538+07:00
2022-05-05 13:19:21.647,324,3666923,41.963,113.533,0.3696,1,0,0,2026-05-03T11:45:05.632+07:00
2022-05-03 00:28:08.219,179,3231110,12.447,11.48,1.0,1,0,0,2026-05-03T11:45:05.652+07:00
2022-05-04 15:12:14.423,68,2655009,2.682,84.76,0.0316,0,0,0,2026-05-03T11:45:05.673+07:00
2022-04-24 13:14:24.917,310,213979,1.67,141.954,0.0118,0,0,0,2026-05-03T11:45:05.683+07:00
2022-05-05 10:44:04.283,358,1441443,10.787,8.933,1.0,1,0,0,2026-05-03T11:45:05.714+07:00
2022-05-08 04:31:58.099,937,1700883,11.045,44.86,0.2462,1,0,0,2026-05-03T11:45:05.724+07:00
2022-05-08 04:42:33.005,732,2909866,1.705,14.766,0.1155,0,0,0,2026-05-03T11:45:05.745+07:00
2022-04-28 15:31:35.100,893,3339322,7.294,9.092,0.8022,1,0,0,2026-05-03T11:45:05.808+07:00
2022-04-22 14:38:49.601,851,1800605,1.6,29.333,0.0545,0,0,0,2026-05-03T11:45:05.819+07:00
2022-05-07 03:44:39.978,605,2366843,15.761,65.0,0.2425,1,0,0,2026-05-03T11:45:05.840+07:00
2022-04-25 09:09:24.046,379,3945377,0.0,0.0,0.0,0,0,0,2026-05-03T11:45:05.871+07:00
2022-04-28 19:15:48.741,858,2748904,1.372,16.166,0.0849,0,0,0,2026-05-03T11:45:05.955+07:00
2022-05-03 10:25:43.075,547,3503789,1.621,15.6,0.1039,0,0,0,2026-05-03T11:45:05.986+07:00
2022-05-04 09:21:21.070,173,1181059,3.197,11.3,0.2829,0,0,0,2026-05-03T11:45:06.017+07:00
2022-05-05 05:15:59.800,750,3101780,2.34,0.0,0.0,0,0,0,2026-05-03T11:45:06.069+07:00
2022-05-04 04:52:52.586,655,2234372,1.509,62.4,0.0242,0,0,0,2026-05-03T11:45:06.110+07:00
2022-05-05 12:11:01.507,840,2706779,1.401,8.033,0.1744,0,0,0,2026-05-03T11:45:06.121+07:00
2022-04-30 11:10:00.083,413,3397458,0.0,27.866,0.0,0,0,0,2026-05-03T11:45:06.131+07:00
2022-04-27 05:12:27.869,781,3388296,0.0,25.2,0.0,0,0,0,2026-05-03T11:45:06.142+07:00
2022-05-06 16:59:34.843,640,3473593,0.938,24.733,0.0379,1,0,0,2026-05-03T11:45:06.152+07:00
2022-05-05 16:05:46.060,342,60950,65.908,64.12,1.0,1,0,0,2026-05-03T11:45:06.173+07:00
2022-04-22 00:28:18.362,787,2611737,0.0,29.994,0.0,0,0,0,2026-05-03T11:45:06.183+07:00
2022-04-25 22:13:39.349,148,1442977,64.612,148.6,0.4348,1,0,0,2026-05-03T11:45:06.194+07:00
2022-04-22 17:57:39.564,151,3980728,18.966,0.0,0.0,1,0,0,2026-05-03T11:45:06.204+07:00
2022-04-28 02:45:14.807,208,472723,43.293,12.7,1.0,1,0,0,2026-05-03T11:45:06.215+07:00
2022-04-29 07:55:04.396,518,59640,1.382,184.32,0.0075,0,0,0,2026-05-03T11:45:06.257+07:00
2022-04-30 08:55:07.679,978,4363288,0.0,97.291,0.0,0,0,0,2026-05-03T11:45:06.278+07:00
2022-05-02 18:52:57.054,325,1689640,61.275,59.85,1.0,1,0,0,2026-05-03T11:45:06.288+07:00
2022-04-22 00:47:35.443,787,3541091,0.0,60.003,0.0,0,0,0,2026-05-03T11:45:06.309+07:00
2022-05-03 17:01:00.744,73,220478,4.697,22.2,0.2116,0,0,0,2026-05-03T11:45:06.320+07:00
2022-05-02 05:01:33.879,410,553446,23.938,47.433,0.5047,1,0,0,2026-05-03T11:45:06.331+07:00
2022-05-01 14:58:41.793,261,823316,0.0,177.7,0.0,0,0,0,2026-05-03T11:45:06.415+07:00
2022-05-07 13:24:14.083,538,270543,9.903,10.166,0.9741,1,1,0,2026-05-03T11:45:06.457+07:00
2022-04-27 13:06:28.551,554,3821871,0.535,71.6,0.0075,0,0,0,2026-05-03T11:45:06.499+07:00
2022-05-08 12:57:53.681,725,338272,1.809,7.033,0.2572,0,0,0,2026-05-03T11:45:06.531+07:00
2022-05-08 03:42:50.749,81,3553438,0.0,115.233,0.0,0,0,0,2026-05-03T11:45:06.565+07:00
2022-05-04 12:25:12.304,878,3230509,5.686,8.8,0.6461,0,0,0,2026-05-03T11:45:06.645+07:00
2022-04-23 12:58:30.704,180,937228,4.398,0.0,0.0,0,0,0,2026-05-03T11:45:06.658+07:00
2022-05-03 03:07:02.580,458,2668179,10.743,259.3,0.0414,1,0,0,2026-05-03T11:45:06.762+07:00
2022-05-06 12:17:19.037,100,1532833,0.0,42.533,0.0,0,0,0,2026-05-03T11:45:06.810+07:00
2022-04-27 22:49:53.249,430,2703070,1.605,18.2,0.0882,0,0,0,2026-05-03T11:45:06.821+07:00
2022-05-05 11:51:43.294,658,288345,108.813,14.9,1.0,0,0,0,2026-05-03T11:45:06.834+07:00
2022-05-04 08:06:41.913,26,1176973,6.962,8.366,0.8322,0,0,0,2026-05-03T11:45:06.869+07:00
2022-04-28 00:14:32.521,348,840606,1.858,156.466,0.0119,0,0,0,2026-05-03T11:45:06.901+07:00
2022-04-27 12:33:41.738,513,2818564,0.0,52.816,0.0,0,0,0,2026-05-03T11:45:06.922+07:00
2022-05-03 09:53:41.540,542,82647,9.355,345.433,0.0271,1,0,0,2026-05-03T11:45:06.933+07:00
2022-04-23 11:34:58.506,464,4318511,1.743,13.16,0.1324,0,0,0,2026-05-03T11:45:06.943+07:00
2022-05-04 09:18:42.784,418,2899950,0.786,32.966,0.0238,0,0,0,2026-05-03T11:45:06.975+07:00
2022-05-04 04:32:30.442,408,3881851,43.99,0.0,0.0,1,0,0,2026-05-03T11:45:07.060+07:00
2022-04-22 11:33:04.716,633,1365210,60.967,66.583,0.9157,1,0,0,2026-05-03T11:45:07.094+07:00
2022-04-29 23:42:15.436,205,498265,0.0,0.0,0.0,0,0,0,2026-05-03T11:45:07.115+07:00
2022-05-04 10:07:18.192,232,2094632,13.554,12.616,1.0,1,0,0,2026-05-03T11:45:07.126+07:00
2022-05-04 05:53:38.488,974,4109016,0.0,82.233,0.0,0,0,0,2026-05-03T11:45:07.147+07:00
2022-04-28 04:00:15.224,283,3324420,2.577,9.4,0.2741,0,0,0,2026-05-03T11:45:07.179+07:00
2022-05-01 09:58:35.206,837,893170,2.761,182.9,0.0151,0,0,0,2026-05-03T11:45:07.220+07:00
2022-05-03 03:15:49.004,859,3156668,6.709,228.483,0.0294,0,0,0,2026-05-03T11:45:07.283+07:00
2022-04-23 13:43:39.624,649,503885,2.215,135.766,0.0163,0,0,0,2026-05-03T11:45:07.293+07:00
2022-05-03 09:15:10.257,674,1855698,1.512,17.183,0.088,0,0,0,2026-05-03T11:45:07.324+07:00
2022-04-25 02:08:41.053,299,665646,31.367,97.7,0.3211,1,0,0,2026-05-03T11:45:07.366+07:00
2022-05-08 13:14:32.332,82,2281057,2.344,0.0,0.0,0,0,0,2026-05-03T11:45:07.387+07:00
2022-05-06 14:34:28.680,187,432940,1.913,415.633,0.0046,0,0,0,2026-05-03T11:45:07.397+07:00
2022-05-08 08:57:58.783,21,3515015,1.027,7.977,0.1287,0,0,0,2026-05-03T11:45:07.408+07:00
2022-05-05 06:56:13.494,410,2656232,1.468,300.1,0.0049,0,0,0,2026-05-03T11:45:07.418+07:00
2022-05-03 23:39:20.352,281,4232813,8.084,12.35,0.6546,1,0,0,2026-05-03T11:45:07.450+07:00
2022-04-27 06:38:16.843,871,2694737,3.298,14.4,0.229,0,0,0,2026-05-03T11:45:07.460+07:00
2022-04-25 10:05:49.061,575,301089,72.339,71.066,1.0,1,0,0,2026-05-03T11:45:07.470+07:00
2022-04-29 10:12:28.209,959,4036730,1.902,7.7,0.247,0,0,0,2026-05-03T11:45:07.533+07:00
2022-04-22 16:24:17.462,554,3788359,13.309,740.466,0.018,1,0,0,2026-05-03T11:45:07.584+07:00
2022-05-05 12:53:33.441,736,2973941,1.777,7.291,0.2437,1,0,0,2026-05-03T11:45:07.636+07:00
2022-05-01 14:35:57.681,88,1571095,4.227,82.332,0.0513,0,0,0,2026-05-03T11:45:07.646+07:00
2022-04-28 17:13:38.905,507,1988760,0.0,394.2,0.0,0,0,0,2026-05-03T11:45:07.667+07:00
2022-04-27 09:37:57.390,19,2687232,0.0,0.0,0.0,0,0,0,2026-05-03T11:45:07.687+07:00
2022-04-29 16:52:58.683,664,3389671,0.0,9.0,0.0,0,0,0,2026-05-03T11:45:07.759+07:00
2022-04-29 05:06:56.391,704,2213480,11.686,11.077,1.0,1,0,0,2026-05-03T11:45:07.822+07:00
2022-05-04 18:19:42.457,324,2217745,0.0,131.483,0.0,0,0,0,2026-05-03T11:45:07.864+07:00
2022-04-25 10:39:10.238,269,2700504,53.111,56.833,0.9345,1,0,0,2026-05-03T11:45:07.875+07:00
2022-04-27 12:31:52.412,2,2976933,27.62,14.033,1.0,1,0,0,2026-05-03T11:45:07.885+07:00
2022-04-22 03:00:31.920,527,3359124,8.695,11.9,0.7307,1,0,0,2026-05-03T11:44:04.640+07:00
2022-05-08 08:33:20.661,176,742485,0.0,17.466,0.0,0,0,0,2026-05-03T11:44:04.650+07:00
2022-04-25 05:56:06.479,956,2283155,5.153,7.166,0.7191,0,0,0,2026-05-03T11:44:04.682+07:00
2022-04-28 09:17:05.005,101,2839486,66.014,59.859,1.0,1,0,0,2026-05-03T11:44:04.703+07:00
2022-04-23 17:18:44.449,447,1039073,0.0,17.9,0.0,0,0,0,2026-05-03T11:44:04.744+07:00
2022-04-24 18:23:19.239,15,4034314,0.0,85.1,0.0,0,0,0,2026-05-03T11:44:04.755+07:00
2022-05-07 05:06:33.737,176,2020839,0.0,0.0,0.0,0,0,0,2026-05-03T11:44:04.775+07:00
2022-04-26 09:13:01.740,924,2277841,0.0,98.44,0.0,0,0,0,2026-05-03T11:44:04.786+07:00
2022-05-08 08:42:36.228,829,1262008,3.196,344.533,0.0093,0,0,0,2026-05-03T11:44:04.817+07:00
2022-04-29 10:23:54.033,834,1472164,6.72,9.9,0.6788,0,0,0,2026-05-03T11:44:04.910+07:00
2022-05-01 01:37:33.469,718,476157,5.361,33.833,0.1585,0,0,0,2026-05-03T11:44:04.931+07:00
2022-05-06 08:33:03.811,926,2808623,2.104,55.2,0.0381,0,0,0,2026-05-03T11:44:04.982+07:00
2022-04-23 23:11:16.370,958,2542741,1.321,30.42,0.0434,0,0,0,2026-05-03T11:44:05.013+07:00
2022-04-23 02:10:49.710,68,3426006,2.087,40.716,0.0513,0,0,0,2026-05-03T11:44:05.024+07:00
2022-05-01 23:42:14.381,575,4059293,6.722,8.0,0.8403,0,0,0,2026-05-03T11:44:05.055+07:00
2022-05-01 04:30:27.406,123,850097,24.519,174.533,0.1405,1,0,0,2026-05-03T11:44:05.075+07:00
2022-05-04 14:16:33.040,862,354492,0.0,8.5,0.0,0,0,0,2026-05-03T11:44:05.096+07:00
2022-05-08 14:51:39.635,325,4304366,5.604,0.0,0.0,0,0,0,2026-05-03T11:44:05.106+07:00
2022-04-24 11:57:51.543,80,3077525,9.615,5.52,1.0,1,0,0,2026-05-03T11:44:05.117+07:00
2022-04-27 20:11:33.279,581,4156842,84.877,258.633,0.3282,1,0,0,2026-05-03T11:44:05.127+07:00
2022-05-04 01:16:51.706,623,3793674,1.308,64.333,0.0203,0,0,0,2026-05-03T11:44:05.158+07:00
2022-04-29 02:30:59.317,793,2208580,1.49,24.933,0.0598,0,0,0,2026-05-03T11:44:05.179+07:00
2022-05-06 11:55:52.277,314,542099,141.449,115.431,1.0,1,0,0,2026-05-03T11:44:05.199+07:00
2022-05-06 12:51:34.698,249,371172,37.534,7.566,1.0,1,0,0,2026-05-03T11:44:05.210+07:00
2022-05-05 02:54:24.877,338,4237267,6.007,8.083,0.7432,0,0,0,2026-05-03T11:44:05.241+07:00
2022-05-02 04:28:09.463,542,422271,4.284,15.24,0.2811,0,0,0,2026-05-03T11:44:05.252+07:00
2022-04-25 14:29:07.363,997,2410571,39.89,50.166,0.7952,1,0,0,2026-05-03T11:44:05.293+07:00
2022-05-04 12:08:23.981,753,2592436,70.705,71.066,0.9949,1,0,0,2026-05-03T11:44:05.334+07:00
2022-05-02 14:32:18.218,438,1980361,3.087,101.067,0.0305,0,0,0,2026-05-03T11:44:05.355+07:00
2022-05-07 11:47:01.916,761,342697,36.636,39.583,0.9255,1,0,0,2026-05-03T11:44:05.376+07:00
2022-04-29 15:21:22.165,455,3393590,0.0,9.75,0.0,1,0,0,2026-05-03T11:44:05.386+07:00
2022-04-26 19:04:14.932,638,1329761,1.741,8.2,0.2123,0,0,0,2026-05-03T11:44:05.396+07:00
2022-05-07 13:40:41.858,4,4033026,6.617,14.133,0.4682,0,0,0,2026-05-03T11:44:05.417+07:00
2022-04-29 06:35:06.417,71,2367945,0.0,0.0,0.0,0,0,0,2026-05-03T11:44:05.490+07:00
2022-05-07 05:29:44.299,650,2656625,6.306,10.2,0.6182,0,0,0,2026-05-03T11:44:05.511+07:00
2022-05-06 01:55:33.085,68,2666739,2.169,43.551,0.0498,0,0,0,2026-05-03T11:44:05.617+07:00
2022-04-30 22:36:03.638,205,1274661,22.586,100.966,0.2237,1,0,0,2026-05-03T11:44:05.670+07:00
2022-05-07 06:11:21.024,2,205998,5.604,220.76,0.0254,0,0,0,2026-05-03T11:44:05.681+07:00
2022-04-22 03:35:33.389,71,4326587,0.0,11.532,0.0,0,0,0,2026-05-03T11:44:05.722+07:00
2022-05-04 09:57:15.080,434,99587,3.43,48.566,0.0706,0,0,0,2026-05-03T11:44:05.732+07:00
2022-05-02 22:45:44.301,205,4124002,3.248,0.0,0.0,0,0,0,2026-05-03T11:44:05.774+07:00
2022-05-04 08:16:49.209,524,3308709,1.947,60.0,0.0324,0,0,0,2026-05-03T11:44:05.815+07:00
2022-05-06 12:14:41.695,707,224370,0.0,109.366,0.0,0,0,0,2026-05-03T11:44:05.826+07:00
2022-04-29 10:30:09.612,110,4366497,2.819,12.583,0.224,1,0,0,2026-05-03T11:44:05.846+07:00
2022-04-27 06:17:49.404,410,1262584,9.577,64.2,0.1492,1,0,0,2026-05-03T11:44:06.013+07:00
2022-04-22 04:26:42.288,525,3128101,3.463,120.68,0.0287,0,0,0,2026-05-03T11:44:06.033+07:00
2022-04-29 08:07:59.728,352,2193323,2.293,174.316,0.0132,0,0,0,2026-05-03T11:44:06.054+07:00
2022-05-03 14:35:52.597,879,3571150,0.374,300.533,0.0012,0,0,0,2026-05-03T11:44:06.075+07:00
2022-04-27 12:08:53.239,986,599060,2.008,117.566,0.0171,0,0,0,2026-05-03T11:44:06.158+07:00
2022-05-04 08:30:37.999,534,1345773,0.0,221.233,0.0,0,0,0,2026-05-03T11:44:06.168+07:00
2022-04-29 16:41:34.401,951,3406540,1.429,32.933,0.0434,0,0,0,2026-05-03T11:44:06.209+07:00
2022-04-23 23:24:29.291,510,4350375,0.0,0.0,0.0,0,0,0,2026-05-03T11:44:06.230+07:00
2022-05-08 14:51:58.298,977,1232243,1.966,179.733,0.0109,0,0,0,2026-05-03T11:44:06.240+07:00
2022-05-01 02:43:32.039,552,2631044,1.685,25.433,0.0663,0,0,0,2026-05-03T11:44:06.261+07:00
2022-04-28 03:35:24.977,972,1688890,0.0,105.633,0.0,0,0,0,2026-05-03T11:44:06.271+07:00
2022-04-29 05:14:28.908,418,3898661,5.115,57.557,0.0889,0,0,0,2026-05-03T11:44:06.313+07:00
2022-04-22 06:32:01.461,601,1899053,14.19,25.52,0.556,1,0,0,2026-05-03T11:44:06.344+07:00
2022-05-05 17:56:33.256,739,2793950,3.053,15.7,0.1945,0,0,0,2026-05-03T11:44:06.354+07:00
2022-04-25 03:29:26.954,793,1254928,1.218,87.16,0.014,0,0,0,2026-05-03T11:44:06.364+07:00
2022-04-23 09:33:58.815,49,3503719,4.868,134.9,0.0361,0,0,0,2026-05-03T11:44:06.395+07:00
2022-05-04 10:19:11.896,635,3142547,0.0,11.933,0.0,0,0,0,2026-05-03T11:44:06.467+07:00
2022-04-25 14:45:53.116,583,54568,1.116,15.4,0.0725,0,0,0,2026-05-03T11:44:06.478+07:00
2022-04-29 14:35:33.522,769,1494469,1.283,9.133,0.1405,0,0,0,2026-05-03T11:44:06.509+07:00
2022-05-01 10:57:00.189,490,2307037,17.263,42.366,0.4075,1,0,0,2026-05-03T11:44:06.519+07:00
2022-05-06 09:29:07.980,890,668645,16.618,7.0,1.0,1,0,0,2026-05-03T11:44:06.581+07:00
2022-05-01 05:48:43.582,781,4140620,0.0,253.266,0.0,0,0,0,2026-05-03T11:44:06.592+07:00
2022-04-23 03:53:47.290,782,4231520,0.0,0.0,0.0,0,0,0,2026-05-03T11:44:06.664+07:00
2022-04-28 02:09:23.394,15,334647,9.647,6.533,1.0,1,0,0,2026-05-03T11:44:06.790+07:00
2022-04-24 10:05:39.455,552,2900138,110.686,310.533,0.3564,1,0,0,2026-05-03T11:44:06.832+07:00
2022-05-02 08:49:41.035,65,1311395,2.452,286.066,0.0086,1,0,0,2026-05-03T11:44:06.843+07:00
2022-04-29 13:11:18.553,814,3311878,2.994,9.2,0.3254,0,0,0,2026-05-03T11:44:06.853+07:00
2022-04-29 05:22:01.188,455,1978613,1.528,19.733,0.0774,0,0,0,2026-05-03T11:44:06.958+07:00
2022-05-04 17:59:18.256,50,2000601,2.435,49.333,0.0494,0,0,0,2026-05-03T11:44:06.978+07:00
2022-05-02 06:01:47.555,961,2573670,91.711,88.966,1.0,1,0,0,2026-05-03T11:44:07.051+07:00
2022-04-23 08:24:00.680,587,523908,0.0,21.68,0.0,0,0,0,2026-05-03T11:44:07.103+07:00
2022-04-27 14:11:06.403,211,2283114,0.0,52.52,0.0,0,0,0,2026-05-03T11:44:07.113+07:00
2022-05-05 23:35:35.878,383,3618301,35.734,39.95,0.8945,1,0,0,2026-05-03T11:44:07.165+07:00
2022-05-04 11:37:00.623,600,2999264,12.03,43.133,0.2789,1,0,0,2026-05-03T11:44:07.175+07:00
2022-05-04 06:33:14.203,904,2044698,75.291,256.6,0.2934,1,0,0,2026-05-03T11:44:07.206+07:00
2022-04-28 13:07:40.763,684,2859959,36.319,64.599,0.5622,1,0,0,2026-05-03T11:44:07.237+07:00
2022-04-29 15:34:51.180,282,1011465,0.0,71.566,0.0,0,0,0,2026-05-03T11:44:07.258+07:00
2022-04-27 12:59:51.115,976,3545438,13.142,117.033,0.1123,1,0,0,2026-05-03T11:44:07.289+07:00
2022-05-03 06:25:03.774,383,1268380,4.423,19.466,0.2272,0,0,0,2026-05-03T11:44:07.320+07:00
2022-05-01 21:01:05.143,812,3229910,0.842,239.4,0.0035,1,0,0,2026-05-03T11:44:07.331+07:00
2022-04-22 07:44:53.734,58,4171023,5.354,12.96,0.4131,0,0,0,2026-05-03T11:44:07.352+07:00
2022-05-04 05:01:31.926,593,2790679,91.761,90.6,1.0,1,0,0,2026-05-03T11:44:07.362+07:00
2022-05-02 12:17:17.908,129,4148442,82.837,150.166,0.5516,1,0,0,2026-05-03T11:44:07.403+07:00
2022-04-26 12:36:23.439,793,1099988,0.0,0.0,0.0,0,0,0,2026-05-03T11:44:07.414+07:00
2022-04-26 13:48:18.518,71,4126113,3.541,0.0,0.0,1,0,0,2026-05-03T11:44:07.424+07:00
2022-04-30 10:24:12.349,697,1028659,0.0,900.5,0.0,0,0,0,2026-05-03T11:44:07.466+07:00
2022-05-05 12:24:31.214,725,1828731,0.0,14.266,0.0,0,0,0,2026-05-03T11:44:07.476+07:00
2022-05-04 09:38:22.669,191,3219538,2.481,6.214,0.3993,0,0,0,2026-05-03T11:44:07.507+07:00
2022-04-29 08:18:08.476,972,333251,0.0,0.0,0.0,0,0,0,2026-05-03T11:44:07.518+07:00
2022-04-28 03:51:55.499,831,1527752,15.526,7.2,1.0,1,0,0,2026-05-03T11:44:07.528+07:00
2022-05-01 03:24:43.384,797,2694201,1.278,11.466,0.1115,0,0,0,2026-05-03T11:44:07.612+07:00
2022-05-01 12:54:46.587,67,3502084,0.0,87.087,0.0,0,0,0,2026-05-03T11:44:07.655+07:00
2022-05-08 03:47:37.396,782,2692993,19.927,16.433,1.0,1,0,0,2026-05-03T11:44:07.676+07:00
2022-05-02 01:46:18.852,759,1526086,10.466,9.65,1.0,1,0,0,2026-05-03T11:44:07.686+07:00
2022-05-04 01:32:02.973,94,2502190,2.615,153.318,0.0171,0,0,0,2026-05-03T11:44:07.749+07:00
2022-05-04 12:05:13.854,15,2747805,39.191,101.566,0.3859,1,0,0,2026-05-03T11:44:07.780+07:00
2022-04-25 13:38:05.075,686,4234270,40.479,38.32,1.0,1,0,0,2026-05-03T11:44:07.811+07:00
2022-04-25 04:12:56.991,71,4053460,0.0,0.0,0.0,0,0,0,2026-05-03T11:44:07.853+07:00
2022-04-25 08:01:50.611,870,541569,10.977,0.0,0.0,1,0,0,2026-05-03T11:44:07.863+07:00
2022-04-23 00:56:20.209,790,2594628,22.979,192.32,0.1195,1,0,0,2026-05-03T11:44:07.884+07:00
2022-04-24 14:24:18.297,439,224931,0.0,345.4,0.0,0,0,0,2026-05-03T11:44:07.894+07:00
2022-05-07 11:41:57.609,852,3096952,1.388,42.959,0.0323,0,0,0,2026-05-03T11:44:07.946+07:00
2022-05-04 11:05:45.885,39,4080467,4.034,48.366,0.0834,0,0,0,2026-05-03T11:44:07.956+07:00
2022-04-30 01:16:30.978,924,453187,43.504,44.666,0.974,1,0,0,2026-05-03T11:44:07.966+07:00
2022-05-01 03:19:07.381,784,3780100,0.0,111.433,0.0,0,0,0,2026-05-03T11:44:07.977+07:00
2022-04-30 07:19:20.000,191,1563019,11.681,6.12,1.0,1,0,0,2026-05-03T11:44:08.080+07:00
2022-05-03 08:17:32.299,136,3056228,64.057,66.88,0.9578,1,0,0,2026-05-03T11:44:08.184+07:00
2022-04-23 18:09:30.611,664,2996459,0.0,11.935,0.0,0,0,0,2026-05-03T11:44:08.298+07:00
2022-04-30 08:13:05.944,919,2771392,86.183,84.866,1.0,1,0,0,2026-05-03T11:44:08.360+07:00
2022-05-03 11:25:07.436,627,1831084,2.097,24.6,0.0852,0,0,0,2026-05-03T11:44:08.390+07:00
2022-05-02 05:54:42.244,286,3005695,0.0,11.35,0.0,0,0,0,2026-05-03T11:44:08.401+07:00
2022-05-02 21:53:10.786,205,3444041,0.0,0.0,0.0,0,0,0,2026-05-03T11:44:08.432+07:00
2022-05-08 03:37:41.196,679,3316157,8.85,16.5,0.5364,1,0,0,2026-05-03T11:44:08.453+07:00
2022-04-29 11:37:33.161,372,1258227,0.0,93.166,0.0,0,0,0,2026-05-03T11:44:08.485+07:00
2022-04-23 02:49:39.844,594,975341,0.0,8.033,0.0,0,0,0,2026-05-03T11:44:08.496+07:00
2022-05-03 06:09:28.640,372,4122749,202.006,207.116,0.9753,1,0,0,2026-05-03T11:44:08.528+07:00
2022-05-04 22:14:10.714,80,3992850,16.134,8.15,1.0,1,0,0,2026-05-03T11:44:08.571+07:00
2022-05-03 05:09:11.023,707,270486,66.367,246.48,0.2693,1,0,0,2026-05-03T11:44:08.581+07:00
2022-04-29 04:52:12.280,659,1688789,30.352,15.6,1.0,1,0,0,2026-05-03T11:44:08.592+07:00
2022-04-27 17:11:22.363,546,1847117,25.109,157.333,0.1596,1,0,0,2026-05-03T11:44:08.602+07:00
2022-04-22 18:02:52.333,110,1824514,6.696,95.4,0.0702,0,0,0,2026-05-03T11:44:08.623+07:00
2022-04-27 12:27:08.614,566,1080920,30.862,102.216,0.3019,1,0,0,2026-05-03T11:44:08.644+07:00
2022-04-22 11:28:00.495,435,3245012,18.316,6.0,1.0,1,0,0,2026-05-03T11:44:08.664+07:00
2022-05-07 22:58:20.582,322,4203589,0.0,46.01,0.0,0,0,0,2026-05-03T11:44:08.675+07:00
2022-05-05 06:46:31.469,159,1765667,26.646,8.392,1.0,1,0,0,2026-05-03T11:44:08.737+07:00
2022-04-29 00:46:32.525,879,1990901,0.256,6.88,0.0372,0,0,0,2026-05-03T11:44:08.758+07:00
2022-05-02 23:25:24.586,614,2138780,4.337,111.944,0.0387,0,0,0,2026-05-03T11:44:08.789+07:00
2022-05-08 09:57:53.201,39,187739,1.395,7.633,0.1828,0,0,0,2026-05-03T11:44:08.871+07:00
2022-05-03 00:12:25.401,995,3915011,2.188,60.066,0.0364,0,0,0,2026-05-03T11:44:08.892+07:00
2022-04-22 04:32:13.986,156,2545873,6.881,261.2,0.0263,0,0,0,2026-05-03T11:44:08.902+07:00
2022-05-01 06:35:35.842,153,3394845,3.622,9.966,0.3634,0,0,0,2026-05-03T11:44:08.913+07:00
2022-05-05 00:20:57.091,269,1730007,42.988,42.283,1.0,1,0,0,2026-05-03T11:44:08.944+07:00
2022-04-29 14:01:07.903,628,2229773,14.121,14.866,0.9499,1,0,0,2026-05-03T11:44:08.954+07:00
2022-05-08 06:51:20.189,428,1641117,27.02,34.0,0.7947,1,0,0,2026-05-03T11:44:08.975+07:00
2022-05-02 09:25:43.237,366,792209,41.509,73.4,0.5655,1,0,0,2026-05-03T11:44:09.068+07:00
2022-04-26 13:03:55.546,299,306555,1.635,137.566,0.0119,0,0,0,2026-05-03T11:44:09.130+07:00
2022-04-25 04:29:57.488,589,956061,173.555,172.6,1.0,1,0,0,2026-05-03T11:44:09.140+07:00
2022-05-03 16:27:43.154,725,3118820,1.423,0.0,0.0,0,0,0,2026-05-03T11:44:09.171+07:00
2022-04-22 09:02:10.603,175,2779888,0.0,16.76,0.0,0,0,0,2026-05-03T11:44:09.202+07:00
2022-04-23 16:57:08.367,286,1296593,0.0,131.2,0.0,0,0,0,2026-05-03T11:44:09.223+07:00
2022-05-03 12:01:38.148,856,3219008,4.014,0.0,0.0,1,0,0,2026-05-03T11:44:09.306+07:00
2022-04-26 10:19:28.393,619,1295009,0.662,24.433,0.0271,0,0,0,2026-05-03T11:44:09.347+07:00
2022-04-26 12:34:08.126,858,3676425,1.468,7.0,0.2097,0,0,0,2026-05-03T11:44:09.358+07:00
2022-04-24 18:55:30.507,715,3844641,55.735,204.233,0.2729,1,0,0,2026-05-03T11:44:09.368+07:00
2022-05-03 16:25:46.660,716,1871873,1.193,15.3,0.078,0,0,0,2026-05-03T11:44:09.379+07:00
2022-04-28 02:12:00.481,523,2117030,0.749,92.583,0.0081,0,0,0,2026-05-03T11:44:09.389+07:00
2022-04-26 08:52:36.850,543,2422515,1.936,117.4,0.0165,1,0,0,2026-05-03T11:44:09.410+07:00
2022-05-05 00:36:34.296,837,2073760,11.109,19.9,0.5582,1,0,0,2026-05-03T11:44:09.462+07:00
2022-04-26 00:54:58.436,809,1363623,13.856,10.8,1.0,1,0,0,2026-05-03T11:44:09.472+07:00
2022-04-26 11:20:38.988,455,697375,12.01,7.2,1.0,1,0,0,2026-05-03T11:44:09.544+07:00
2022-05-07 06:41:41.676,976,2418559,4.652,13.2,0.3524,0,0,0,2026-05-03T11:44:09.565+07:00
2022-05-07 18:11:11.213,829,1639808,0.0,11.933,0.0,0,0,0,2026-05-03T11:44:09.575+07:00
2022-05-05 22:50:32.312,879,817236,0.211,10.785,0.0196,0,0,0,2026-05-03T11:44:09.596+07:00
2022-04-27 15:29:27.898,315,4117864,12.088,180.266,0.0671,1,0,0,2026-05-03T11:44:09.606+07:00
2022-04-23 12:31:07.736,213,1505011,76.496,58.616,1.0,1,0,0,2026-05-03T11:44:09.637+07:00
2022-04-30 09:34:39.825,202,552058,1.004,0.0,0.0,0,0,0,2026-05-03T11:44:09.648+07:00
2022-05-04 04:03:17.040,541,2569344,98.313,102.583,0.9584,1,0,1,2026-05-03T11:44:09.669+07:00
2022-05-02 15:34:14.572,232,2217411,8.396,10.439,0.8043,1,0,0,2026-05-03T11:44:09.712+07:00
2022-04-25 01:15:41.113,995,3345782,0.0,27.066,0.0,0,0,0,2026-05-03T11:44:09.765+07:00
2022-05-06 23:27:18.256,246,2710493,0.0,27.783,0.0,0,0,0,2026-05-03T11:44:09.776+07:00
2022-04-22 03:00:31.920,527,3359124,8.695,11.9,0.7307,1,0,0,2026-05-03T11:45:02.623+07:00
2022-05-08 08:33:20.661,176,742485,0.0,17.466,0.0,0,0,0,2026-05-03T11:45:02.633+07:00
2022-04-25 05:56:06.479,956,2283155,5.153,7.166,0.7191,0,0,0,2026-05-03T11:45:02.664+07:00
2022-04-28 09:17:05.005,101,2839486,66.014,59.859,1.0,1,0,0,2026-05-03T11:45:02.684+07:00
2022-04-23 17:18:44.449,447,1039073,0.0,17.9,0.0,0,0,0,2026-05-03T11:45:02.726+07:00
2022-04-24 18:23:19.239,15,4034314,0.0,85.1,0.0,0,0,0,2026-05-03T11:45:02.736+07:00
2022-05-07 05:06:33.737,176,2020839,0.0,0.0,0.0,0,0,0,2026-05-03T11:45:02.757+07:00
2022-04-26 09:13:01.740,924,2277841,0.0,98.44,0.0,0,0,0,2026-05-03T11:45:02.767+07:00
2022-05-08 08:42:36.228,829,1262008,3.196,344.533,0.0093,0,0,0,2026-05-03T11:45:02.798+07:00
2022-04-29 10:23:54.033,834,1472164,6.72,9.9,0.6788,0,0,0,2026-05-03T11:45:02.893+07:00
2022-05-01 01:37:33.469,718,476157,5.361,33.833,0.1585,0,0,0,2026-05-03T11:45:02.913+07:00
2022-05-06 08:33:03.811,926,2808623,2.104,55.2,0.0381,0,0,0,2026-05-03T11:45:02.966+07:00
2022-04-23 23:11:16.370,958,2542741,1.321,30.42,0.0434,0,0,0,2026-05-03T11:45:02.998+07:00
2022-04-23 02:10:49.710,68,3426006,2.087,40.716,0.0513,0,0,0,2026-05-03T11:45:03.009+07:00
2022-05-01 23:42:14.381,575,4059293,6.722,8.0,0.8403,0,0,0,2026-05-03T11:45:03.040+07:00
2022-05-01 04:30:27.406,123,850097,24.519,174.533,0.1405,1,0,0,2026-05-03T11:45:03.061+07:00
2022-05-04 14:16:33.040,862,354492,0.0,8.5,0.0,0,0,0,2026-05-03T11:45:03.082+07:00
2022-05-08 14:51:39.635,325,4304366,5.604,0.0,0.0,0,0,0,2026-05-03T11:45:03.093+07:00
2022-04-24 11:57:51.543,80,3077525,9.615,5.52,1.0,1,0,0,2026-05-03T11:45:03.103+07:00
2022-04-27 20:11:33.279,581,4156842,84.877,258.633,0.3282,1,0,0,2026-05-03T11:45:03.114+07:00
2022-05-04 01:16:51.706,623,3793674,1.308,64.333,0.0203,0,0,0,2026-05-03T11:45:03.145+07:00
2022-04-29 02:30:59.317,793,2208580,1.49,24.933,0.0598,0,0,0,2026-05-03T11:45:03.166+07:00
2022-05-06 11:55:52.277,314,542099,141.449,115.431,1.0,1,0,0,2026-05-03T11:45:03.187+07:00
2022-05-06 12:51:34.698,249,371172,37.534,7.566,1.0,1,0,0,2026-05-03T11:45:03.198+07:00
2022-05-05 02:54:24.877,338,4237267,6.007,8.083,0.7432,0,0,0,2026-05-03T11:45:03.230+07:00
2022-05-02 04:28:09.463,542,422271,4.284,15.24,0.2811,0,0,0,2026-05-03T11:45:03.240+07:00
2022-04-25 14:29:07.363,997,2410571,39.89,50.166,0.7952,1,0,0,2026-05-03T11:45:03.282+07:00
2022-05-04 12:08:23.981,753,2592436,70.705,71.066,0.9949,1,0,0,2026-05-03T11:45:03.325+07:00
2022-05-02 14:32:18.218,438,1980361,3.087,101.067,0.0305,0,0,0,2026-05-03T11:45:03.346+07:00
2022-05-07 11:47:01.916,761,342697,36.636,39.583,0.9255,1,0,0,2026-05-03T11:45:03.367+07:00
2022-04-29 15:21:22.165,455,3393590,0.0,9.75,0.0,1,0,0,2026-05-03T11:45:03.378+07:00
2022-04-26 19:04:14.932,638,1329761,1.741,8.2,0.2123,0,0,0,2026-05-03T11:45:03.389+07:00
2022-05-07 13:40:41.858,4,4033026,6.617,14.133,0.4682,0,0,0,2026-05-03T11:45:03.410+07:00
2022-04-29 06:35:06.417,71,2367945,0.0,0.0,0.0,0,0,0,2026-05-03T11:45:03.484+07:00
2022-05-07 05:29:44.299,650,2656625,6.306,10.2,0.6182,0,0,0,2026-05-03T11:45:03.505+07:00
2022-05-06 01:55:33.085,68,2666739,2.169,43.551,0.0498,0,0,0,2026-05-03T11:45:03.612+07:00
2022-04-30 22:36:03.638,205,1274661,22.586,100.966,0.2237,1,0,0,2026-05-03T11:45:03.665+07:00
2022-05-07 06:11:21.024,2,205998,5.604,220.76,0.0254,0,0,0,2026-05-03T11:45:03.676+07:00
2022-04-22 03:35:33.389,71,4326587,0.0,11.532,0.0,0,0,0,2026-05-03T11:45:03.718+07:00
2022-05-04 09:57:15.080,434,99587,3.43,48.566,0.0706,0,0,0,2026-05-03T11:45:03.729+07:00
2022-05-02 22:45:44.301,205,4124002,3.248,0.0,0.0,0,0,0,2026-05-03T11:45:03.771+07:00
2022-05-04 08:16:49.209,524,3308709,1.947,60.0,0.0324,0,0,0,2026-05-03T11:45:03.814+07:00
2022-05-06 12:14:41.695,707,224370,0.0,109.366,0.0,0,0,0,2026-05-03T11:45:03.824+07:00
2022-04-29 10:30:09.612,110,4366497,2.819,12.583,0.224,1,0,0,2026-05-03T11:45:03.846+07:00
2022-04-27 06:17:49.404,410,1262584,9.577,64.2,0.1492,1,0,0,2026-05-03T11:45:04.016+07:00
2022-04-22 04:26:42.288,525,3128101,3.463,120.68,0.0287,0,0,0,2026-05-03T11:45:04.036+07:00
2022-04-29 08:07:59.728,352,2193323,2.293,174.316,0.0132,0,0,0,2026-05-03T11:45:04.058+07:00
2022-05-03 14:35:52.597,879,3571150,0.374,300.533,0.0012,0,0,0,2026-05-03T11:45:04.079+07:00
2022-04-27 12:08:53.239,986,599060,2.008,117.566,0.0171,0,0,0,2026-05-03T11:45:04.164+07:00
2022-05-04 08:30:37.999,534,1345773,0.0,221.233,0.0,0,0,0,2026-05-03T11:45:04.175+07:00
2022-04-29 16:41:34.401,951,3406540,1.429,32.933,0.0434,0,0,0,2026-05-03T11:45:04.217+07:00
2022-04-23 23:24:29.291,510,4350375,0.0,0.0,0.0,0,0,0,2026-05-03T11:45:04.238+07:00
2022-05-08 14:51:58.298,977,1232243,1.966,179.733,0.0109,0,0,0,2026-05-03T11:45:04.250+07:00
2022-05-01 02:43:32.039,552,2631044,1.685,25.433,0.0663,0,0,0,2026-05-03T11:45:04.273+07:00
2022-04-28 03:35:24.977,972,1688890,0.0,105.633,0.0,0,0,0,2026-05-03T11:45:04.284+07:00
2022-04-29 05:14:28.908,418,3898661,5.115,57.557,0.0889,0,0,0,2026-05-03T11:45:04.329+07:00
2022-04-22 06:32:01.461,601,1899053,14.19,25.52,0.556,1,0,0,2026-05-03T11:45:04.361+07:00
2022-05-05 17:56:33.256,739,2793950,3.053,15.7,0.1945,0,0,0,2026-05-03T11:45:04.371+07:00
2022-04-25 03:29:26.954,793,1254928,1.218,87.16,0.014,0,0,0,2026-05-03T11:45:04.382+07:00
2022-04-23 09:33:58.815,49,3503719,4.868,134.9,0.0361,0,0,0,2026-05-03T11:45:04.414+07:00
2022-05-04 10:19:11.896,635,3142547,0.0,11.933,0.0,0,0,0,2026-05-03T11:45:04.501+07:00
2022-04-25 14:45:53.116,583,54568,1.116,15.4,0.0725,0,0,0,2026-05-03T11:45:04.512+07:00
2022-04-29 14:35:33.522,769,1494469,1.283,9.133,0.1405,0,0,0,2026-05-03T11:45:04.546+07:00
2022-05-01 10:57:00.189,490,2307037,17.263,42.366,0.4075,1,0,0,2026-05-03T11:45:04.558+07:00
2022-05-06 09:29:07.980,890,668645,16.618,7.0,1.0,1,0,0,2026-05-03T11:45:04.623+07:00
2022-05-01 05:48:43.582,781,4140620,0.0,253.266,0.0,0,0,0,2026-05-03T11:45:04.634+07:00
2022-04-23 03:53:47.290,782,4231520,0.0,0.0,0.0,0,0,0,2026-05-03T11:45:04.708+07:00
2022-04-28 02:09:23.394,15,334647,9.647,6.533,1.0,1,0,0,2026-05-03T11:45:04.835+07:00
2022-04-24 10:05:39.455,552,2900138,110.686,310.533,0.3564,1,0,0,2026-05-03T11:45:04.879+07:00
2022-05-02 08:49:41.035,65,1311395,2.452,286.066,0.0086,1,0,0,2026-05-03T11:45:04.890+07:00
2022-04-29 13:11:18.553,814,3311878,2.994,9.2,0.3254,0,0,0,2026-05-03T11:45:04.902+07:00
2022-04-29 05:22:01.188,455,1978613,1.528,19.733,0.0774,0,0,0,2026-05-03T11:45:05.012+07:00
2022-05-04 17:59:18.256,50,2000601,2.435,49.333,0.0494,0,0,0,2026-05-03T11:45:05.037+07:00
2022-05-02 06:01:47.555,961,2573670,91.711,88.966,1.0,1,0,0,2026-05-03T11:45:05.117+07:00
2022-04-23 08:24:00.680,587,523908,0.0,21.68,0.0,0,0,0,2026-05-03T11:45:05.171+07:00
2022-04-27 14:11:06.403,211,2283114,0.0,52.52,0.0,0,0,0,2026-05-03T11:45:05.184+07:00
2022-05-05 23:35:35.878,383,3618301,35.734,39.95,0.8945,1,0,0,2026-05-03T11:45:05.238+07:00
2022-05-04 11:37:00.623,600,2999264,12.03,43.133,0.2789,1,0,0,2026-05-03T11:45:05.248+07:00
2022-05-04 06:33:14.203,904,2044698,75.291,256.6,0.2934,1,0,0,2026-05-03T11:45:05.284+07:00
2022-04-28 13:07:40.763,684,2859959,36.319,64.599,0.5622,1,0,0,2026-05-03T11:45:05.316+07:00
2022-04-29 15:34:51.180,282,1011465,0.0,71.566,0.0,0,0,0,2026-05-03T11:45:05.338+07:00
2022-04-27 12:59:51.115,976,3545438,13.142,117.033,0.1123,1,0,0,2026-05-03T11:45:05.369+07:00
2022-05-03 06:25:03.774,383,1268380,4.423,19.466,0.2272,0,0,0,2026-05-03T11:45:05.401+07:00
2022-05-01 21:01:05.143,812,3229910,0.842,239.4,0.0035,1,0,0,2026-05-03T11:45:05.412+07:00
2022-04-22 07:44:53.734,58,4171023,5.354,12.96,0.4131,0,0,0,2026-05-03T11:45:05.433+07:00
2022-05-04 05:01:31.926,593,2790679,91.761,90.6,1.0,1,0,0,2026-05-03T11:45:05.443+07:00
2022-05-02 12:17:17.908,129,4148442,82.837,150.166,0.5516,1,0,0,2026-05-03T11:45:05.485+07:00
2022-04-26 12:36:23.439,793,1099988,0.0,0.0,0.0,0,0,0,2026-05-03T11:45:05.496+07:00
2022-04-26 13:48:18.518,71,4126113,3.541,0.0,0.0,1,0,0,2026-05-03T11:45:05.507+07:00
2022-04-30 10:24:12.349,697,1028659,0.0,900.5,0.0,0,0,0,2026-05-03T11:45:05.548+07:00
2022-05-05 12:24:31.214,725,1828731,0.0,14.266,0.0,0,0,0,2026-05-03T11:45:05.559+07:00
2022-05-04 09:38:22.669,191,3219538,2.481,6.214,0.3993,0,0,0,2026-05-03T11:45:05.590+07:00
2022-04-29 08:18:08.476,972,333251,0.0,0.0,0.0,0,0,0,2026-05-03T11:45:05.600+07:00
2022-04-28 03:51:55.499,831,1527752,15.526,7.2,1.0,1,0,0,2026-05-03T11:45:05.611+07:00
2022-05-01 03:24:43.384,797,2694201,1.278,11.466,0.1115,0,0,0,2026-05-03T11:45:05.693+07:00
2022-05-01 12:54:46.587,67,3502084,0.0,87.087,0.0,0,0,0,2026-05-03T11:45:05.735+07:00
2022-05-08 03:47:37.396,782,2692993,19.927,16.433,1.0,1,0,0,2026-05-03T11:45:05.755+07:00
2022-05-02 01:46:18.852,759,1526086,10.466,9.65,1.0,1,0,0,2026-05-03T11:45:05.766+07:00
2022-05-04 01:32:02.973,94,2502190,2.615,153.318,0.0171,0,0,0,2026-05-03T11:45:05.829+07:00
2022-05-04 12:05:13.854,15,2747805,39.191,101.566,0.3859,1,0,0,2026-05-03T11:45:05.861+07:00
2022-04-25 13:38:05.075,686,4234270,40.479,38.32,1.0,1,0,0,2026-05-03T11:45:05.892+07:00
2022-04-25 04:12:56.991,71,4053460,0.0,0.0,0.0,0,0,0,2026-05-03T11:45:05.934+07:00
2022-04-25 08:01:50.611,870,541569,10.977,0.0,0.0,1,0,0,2026-05-03T11:45:05.944+07:00
2022-04-23 00:56:20.209,790,2594628,22.979,192.32,0.1195,1,0,0,2026-05-03T11:45:05.965+07:00
2022-04-24 14:24:18.297,439,224931,0.0,345.4,0.0,0,0,0,2026-05-03T11:45:05.976+07:00
2022-05-07 11:41:57.609,852,3096952,1.388,42.959,0.0323,0,0,0,2026-05-03T11:45:06.028+07:00
2022-05-04 11:05:45.885,39,4080467,4.034,48.366,0.0834,0,0,0,2026-05-03T11:45:06.038+07:00
2022-04-30 01:16:30.978,924,453187,43.504,44.666,0.974,1,0,0,2026-05-03T11:45:06.048+07:00
2022-05-01 03:19:07.381,784,3780100,0.0,111.433,0.0,0,0,0,2026-05-03T11:45:06.059+07:00
2022-04-30 07:19:20.000,191,1563019,11.681,6.12,1.0,1,0,0,2026-05-03T11:45:06.162+07:00
2022-05-03 08:17:32.299,136,3056228,64.057,66.88,0.9578,1,0,0,2026-05-03T11:45:06.267+07:00
2022-04-23 18:09:30.611,664,2996459,0.0,11.935,0.0,0,0,0,2026-05-03T11:45:06.383+07:00
2022-04-30 08:13:05.944,919,2771392,86.183,84.866,1.0,1,0,0,2026-05-03T11:45:06.446+07:00
2022-05-03 11:25:07.436,627,1831084,2.097,24.6,0.0852,0,0,0,2026-05-03T11:45:06.478+07:00
2022-05-02 05:54:42.244,286,3005695,0.0,11.35,0.0,0,0,0,2026-05-03T11:45:06.489+07:00
2022-05-02 21:53:10.786,205,3444041,0.0,0.0,0.0,0,0,0,2026-05-03T11:45:06.520+07:00
2022-05-08 03:37:41.196,679,3316157,8.85,16.5,0.5364,1,0,0,2026-05-03T11:45:06.542+07:00
2022-04-29 11:37:33.161,372,1258227,0.0,93.166,0.0,0,0,0,2026-05-03T11:45:06.576+07:00
2022-04-23 02:49:39.844,594,975341,0.0,8.033,0.0,0,0,0,2026-05-03T11:45:06.587+07:00
2022-05-03 06:09:28.640,372,4122749,202.006,207.116,0.9753,1,0,0,2026-05-03T11:45:06.621+07:00
2022-05-04 22:14:10.714,80,3992850,16.134,8.15,1.0,1,0,0,2026-05-03T11:45:06.669+07:00
2022-05-03 05:09:11.023,707,270486,66.367,246.48,0.2693,1,0,0,2026-05-03T11:45:06.682+07:00
2022-04-29 04:52:12.280,659,1688789,30.352,15.6,1.0,1,0,0,2026-05-03T11:45:06.693+07:00
2022-04-27 17:11:22.363,546,1847117,25.109,157.333,0.1596,1,0,0,2026-05-03T11:45:06.706+07:00
2022-04-22 18:02:52.333,110,1824514,6.696,95.4,0.0702,0,0,0,2026-05-03T11:45:06.727+07:00
2022-04-27 12:27:08.614,566,1080920,30.862,102.216,0.3019,1,0,0,2026-05-03T11:45:06.748+07:00
2022-04-22 11:28:00.495,435,3245012,18.316,6.0,1.0,1,0,0,2026-05-03T11:45:06.773+07:00
2022-05-07 22:58:20.582,322,4203589,0.0,46.01,0.0,0,0,0,2026-05-03T11:45:06.783+07:00
2022-05-05 06:46:31.469,159,1765667,26.646,8.392,1.0,1,0,0,2026-05-03T11:45:06.859+07:00
2022-04-29 00:46:32.525,879,1990901,0.256,6.88,0.0372,0,0,0,2026-05-03T11:45:06.880+07:00
2022-05-02 23:25:24.586,614,2138780,4.337,111.944,0.0387,0,0,0,2026-05-03T11:45:06.912+07:00
2022-05-08 09:57:53.201,39,187739,1.395,7.633,0.1828,0,0,0,2026-05-03T11:45:06.996+07:00
2022-05-03 00:12:25.401,995,3915011,2.188,60.066,0.0364,0,0,0,2026-05-03T11:45:07.017+07:00
2022-04-22 04:32:13.986,156,2545873,6.881,261.2,0.0263,0,0,0,2026-05-03T11:45:07.028+07:00
2022-05-01 06:35:35.842,153,3394845,3.622,9.966,0.3634,0,0,0,2026-05-03T11:45:07.039+07:00
2022-05-05 00:20:57.091,269,1730007,42.988,42.283,1.0,1,0,0,2026-05-03T11:45:07.070+07:00
2022-04-29 14:01:07.903,628,2229773,14.121,14.866,0.9499,1,0,0,2026-05-03T11:45:07.083+07:00
2022-05-08 06:51:20.189,428,1641117,27.02,34.0,0.7947,1,0,0,2026-05-03T11:45:07.105+07:00
2022-05-02 09:25:43.237,366,792209,41.509,73.4,0.5655,1,0,0,2026-05-03T11:45:07.200+07:00
2022-04-26 13:03:55.546,299,306555,1.635,137.566,0.0119,0,0,0,2026-05-03T11:45:07.262+07:00
2022-04-25 04:29:57.488,589,956061,173.555,172.6,1.0,1,0,0,2026-05-03T11:45:07.272+07:00
2022-05-03 16:27:43.154,725,3118820,1.423,0.0,0.0,0,0,0,2026-05-03T11:45:07.303+07:00
2022-04-22 09:02:10.603,175,2779888,0.0,16.76,0.0,0,0,0,2026-05-03T11:45:07.334+07:00
2022-04-23 16:57:08.367,286,1296593,0.0,131.2,0.0,0,0,0,2026-05-03T11:45:07.355+07:00
2022-05-03 12:01:38.148,856,3219008,4.014,0.0,0.0,1,0,0,2026-05-03T11:45:07.439+07:00
2022-04-26 10:19:28.393,619,1295009,0.662,24.433,0.0271,0,0,0,2026-05-03T11:45:07.481+07:00
2022-04-26 12:34:08.126,858,3676425,1.468,7.0,0.2097,0,0,0,2026-05-03T11:45:07.491+07:00
2022-04-24 18:55:30.507,715,3844641,55.735,204.233,0.2729,1,0,0,2026-05-03T11:45:07.501+07:00
2022-05-03 16:25:46.660,716,1871873,1.193,15.3,0.078,0,0,0,2026-05-03T11:45:07.512+07:00
2022-04-28 02:12:00.481,523,2117030,0.749,92.583,0.0081,0,0,0,2026-05-03T11:45:07.522+07:00
2022-04-26 08:52:36.850,543,2422515,1.936,117.4,0.0165,1,0,0,2026-05-03T11:45:07.543+07:00
2022-05-05 00:36:34.296,837,2073760,11.109,19.9,0.5582,1,0,0,2026-05-03T11:45:07.594+07:00
2022-04-26 00:54:58.436,809,1363623,13.856,10.8,1.0,1,0,0,2026-05-03T11:45:07.605+07:00
2022-04-26 11:20:38.988,455,697375,12.01,7.2,1.0,1,0,0,2026-05-03T11:45:07.677+07:00
2022-05-07 06:41:41.676,976,2418559,4.652,13.2,0.3524,0,0,0,2026-05-03T11:45:07.698+07:00
2022-05-07 18:11:11.213,829,1639808,0.0,11.933,0.0,0,0,0,2026-05-03T11:45:07.708+07:00
2022-05-05 22:50:32.312,879,817236,0.211,10.785,0.0196,0,0,0,2026-05-03T11:45:07.729+07:00
2022-04-27 15:29:27.898,315,4117864,12.088,180.266,0.0671,1,0,0,2026-05-03T11:45:07.739+07:00
2022-04-23 12:31:07.736,213,1505011,76.496,58.616,1.0,1,0,0,2026-05-03T11:45:07.770+07:00
2022-04-30 09:34:39.825,202,552058,1.004,0.0,0.0,0,0,0,2026-05-03T11:45:07.780+07:00
2022-05-04 04:03:17.040,541,2569344,98.313,102.583,0.9584,1,0,1,2026-05-03T11:45:07.801+07:00
2022-05-02 15:34:14.572,232,2217411,8.396,10.439,0.8043,1,0,0,2026-05-03T11:45:07.843+07:00
2022-04-25 01:15:41.113,995,3345782,0.0,27.066,0.0,0,0,0,2026-05-03T11:45:07.896+07:00
2022-05-06 23:27:18.256,246,2710493,0.0,27.783,0.0,0,0,0,2026-05-03T11:45:07.906+07:00
2022-04-28 22:05:17.661,111,4048226,2.955,61.5,0.048,0,0,0,2026-05-03T11:44:04.588+07:00
2022-05-03 11:56:38.492,954,1321506,0.914,71.79,0.0127,0,0,0,2026-05-03T11:44:04.599+07:00
2022-05-08 12:05:08.286,346,1569751,9.363,8.266,1.0,1,0,0,2026-05-03T11:44:04.630+07:00
2022-05-04 12:18:29.569,308,354697,1.377,7.883,0.1747,0,0,0,2026-05-03T11:44:04.661+07:00
2022-05-05 03:17:15.351,830,797712,48.759,35.016,1.0,1,0,0,2026-05-03T11:44:04.671+07:00
2022-04-23 16:02:39.012,525,86618,2.474,0.0,0.0,0,0,0,2026-05-03T11:44:04.765+07:00
2022-05-05 23:43:34.416,879,1294292,0.031,8.6,0.0036,0,0,0,2026-05-03T11:44:04.827+07:00
2022-05-02 01:49:53.505,986,4214134,5.714,46.0,0.1242,0,0,0,2026-05-03T11:44:04.837+07:00
2022-04-29 10:19:23.799,725,699080,0.979,0.0,0.0,0,0,0,2026-05-03T11:44:04.858+07:00
2022-05-07 03:27:58.452,594,4035771,1.25,96.9,0.0129,0,0,0,2026-05-03T11:44:04.879+07:00
2022-05-02 23:12:03.580,407,1906828,0.0,9.683,0.0,0,0,0,2026-05-03T11:44:04.889+07:00
2022-05-02 15:26:38.929,16,3981552,1.258,18.283,0.0688,0,0,0,2026-05-03T11:44:04.900+07:00
2022-04-29 10:41:45.790,677,1361786,11.702,14.482,0.808,1,0,0,2026-05-03T11:44:04.993+07:00
2022-05-07 11:28:47.737,672,1469266,2.076,42.166,0.0492,0,0,0,2026-05-03T11:44:05.065+07:00
2022-05-06 04:42:19.003,292,2232898,12.837,75.466,0.1701,1,0,0,2026-05-03T11:44:05.168+07:00
2022-04-30 07:56:56.517,323,2564503,2.382,10.966,0.2172,0,0,0,2026-05-03T11:44:05.231+07:00
2022-05-01 15:19:04.010,967,3471455,160.759,159.766,1.0,1,0,0,2026-05-03T11:44:05.314+07:00
2022-05-06 14:06:56.727,134,2829615,19.386,18.375,1.0,1,0,0,2026-05-03T11:44:05.365+07:00
2022-05-07 11:24:33.325,954,3391715,0.0,8.0,0.0,0,0,0,2026-05-03T11:44:05.438+07:00
2022-05-04 18:28:34.855,50,1861874,15.692,126.084,0.1245,1,0,0,2026-05-03T11:44:05.469+07:00
2022-04-27 23:57:10.047,191,681051,1.88,12.733,0.1476,0,0,0,2026-05-03T11:44:05.479+07:00
2022-04-22 10:08:28.862,882,2414382,32.184,10.41,1.0,1,0,0,2026-05-03T11:44:05.500+07:00
2022-05-05 16:18:14.356,824,1165579,6.895,0.0,0.0,0,0,0,2026-05-03T11:44:05.575+07:00
2022-05-05 06:44:17.779,434,1626753,0.0,356.184,0.0,0,0,0,2026-05-03T11:44:05.585+07:00
2022-05-02 09:46:42.105,225,3950865,11.658,14.266,0.8172,1,0,0,2026-05-03T11:44:05.596+07:00
2022-05-07 14:54:36.398,295,2200990,0.0,147.133,0.0,0,0,0,2026-05-03T11:44:05.628+07:00
2022-05-06 00:51:32.655,879,677421,0.298,7.066,0.0422,0,0,0,2026-05-03T11:44:05.638+07:00
2022-05-02 15:42:00.031,76,1614233,0.0,38.0,0.0,0,0,0,2026-05-03T11:44:05.660+07:00
2022-04-23 07:59:39.786,739,1120889,0.0,423.433,0.0,0,0,0,2026-05-03T11:44:05.701+07:00
2022-04-29 13:02:46.910,559,1351710,1.554,259.731,0.006,0,0,0,2026-05-03T11:44:05.712+07:00
2022-04-28 01:26:44.716,211,1407708,14.075,0.0,0.0,1,0,0,2026-05-03T11:44:05.753+07:00
2022-05-03 16:24:16.751,702,2933945,0.0,7.683,0.0,0,0,0,2026-05-03T11:44:05.836+07:00
2022-05-03 00:47:11.605,797,503153,4.341,86.52,0.0502,0,0,0,2026-05-03T11:44:05.857+07:00
2022-04-30 19:12:45.153,169,3497746,4.641,11.84,0.392,0,0,0,2026-05-03T11:44:05.867+07:00
2022-05-06 06:10:59.964,681,3862830,2.224,27.9,0.0797,0,0,0,2026-05-03T11:44:05.877+07:00
2022-04-29 23:36:06.084,68,2563666,2.62,70.32,0.0373,0,0,0,2026-05-03T11:44:05.888+07:00
2022-04-27 00:16:59.562,787,192145,26.197,0.0,0.0,1,0,0,2026-05-03T11:44:05.909+07:00
2022-04-21 18:54:01.605,791,439468,4.353,324.266,0.0134,0,0,0,2026-05-03T11:44:05.930+07:00
2022-04-30 08:08:23.140,403,1511975,76.808,439.76,0.1747,1,0,0,2026-05-03T11:44:05.950+07:00
2022-05-06 11:56:55.723,473,3629705,4.427,138.95,0.0319,0,0,0,2026-05-03T11:44:05.981+07:00
2022-04-30 02:37:46.139,106,2708772,23.519,36.033,0.6527,1,0,0,2026-05-03T11:44:05.992+07:00
2022-04-25 10:06:50.374,695,1738220,10.455,10.266,1.0,1,0,0,2026-05-03T11:44:06.002+07:00
2022-05-03 12:28:30.166,868,134112,2.01,7.0,0.2871,0,0,0,2026-05-03T11:44:06.023+07:00
2022-04-27 13:05:31.191,177,2086325,26.968,8.433,1.0,1,0,0,2026-05-03T11:44:06.044+07:00
2022-04-30 05:10:28.910,462,2851959,4.649,68.0,0.0684,0,0,0,2026-05-03T11:44:06.064+07:00
2022-05-02 09:12:17.331,542,3591208,4.521,6.873,0.6578,0,0,0,2026-05-03T11:44:06.106+07:00
2022-05-02 08:58:13.413,7,2559903,9.05,8.366,1.0,1,0,0,2026-05-03T11:44:06.116+07:00
2022-04-26 12:31:23.617,840,1980508,1.114,4.833,0.2305,0,0,0,2026-05-03T11:44:06.127+07:00
2022-05-08 14:12:21.228,357,2388760,0.0,97.333,0.0,0,0,0,2026-05-03T11:44:06.137+07:00
2022-05-07 05:18:54.970,166,2121020,3.565,18.166,0.1962,1,0,0,2026-05-03T11:44:06.178+07:00
2022-05-06 01:01:04.628,453,2732220,19.356,60.131,0.3219,1,0,0,2026-05-03T11:44:06.189+07:00
2022-05-06 11:46:17.409,702,1586734,2.08,85.562,0.0243,0,0,0,2026-05-03T11:44:06.251+07:00
2022-04-28 01:47:21.635,862,370666,0.0,10.666,0.0,0,0,0,2026-05-03T11:44:06.282+07:00
2022-04-23 07:50:49.201,216,2370120,3.66,7.066,0.518,0,0,0,2026-05-03T11:44:06.302+07:00
2022-05-02 01:21:24.606,346,2740235,8.068,20.0,0.4034,1,1,0,2026-05-03T11:44:06.333+07:00
2022-04-25 06:04:42.209,973,321772,0.0,42.56,0.0,0,0,0,2026-05-03T11:44:06.375+07:00
2022-04-29 18:28:01.216,222,761357,44.073,218.846,0.2014,1,0,0,2026-05-03T11:44:06.385+07:00
2022-05-05 17:46:07.338,703,1476289,0.0,9.5,0.0,0,0,0,2026-05-03T11:44:06.405+07:00
2022-04-30 10:48:14.651,607,3699980,13.802,12.846,1.0,1,0,0,2026-05-03T11:44:06.426+07:00
2022-04-25 12:48:18.963,802,4317583,68.676,65.766,1.0,1,0,0,2026-05-03T11:44:06.447+07:00
2022-04-27 06:26:00.471,770,4125059,0.0,23.172,0.0,0,0,0,2026-05-03T11:44:06.457+07:00
2022-05-04 04:50:58.370,540,3517378,1.095,119.366,0.0092,0,0,0,2026-05-03T11:44:06.488+07:00
2022-05-07 14:19:02.887,73,3964088,18.53,27.066,0.6846,1,0,0,2026-05-03T11:44:06.499+07:00
2022-04-23 01:38:26.119,911,3866582,2.012,17.833,0.1128,0,0,0,2026-05-03T11:44:06.529+07:00
2022-05-06 12:24:11.437,920,701046,0.0,300.133,0.0,0,0,0,2026-05-03T11:44:06.540+07:00
2022-05-07 00:51:01.438,370,227108,34.131,31.866,1.0,1,0,0,2026-05-03T11:44:06.550+07:00
2022-05-07 11:17:38.984,923,4161616,3.876,0.0,0.0,0,0,0,2026-05-03T11:44:06.561+07:00
2022-04-28 17:04:26.686,325,1610714,1.077,82.44,0.0131,0,0,0,2026-05-03T11:44:06.612+07:00
2022-04-24 07:40:43.011,154,75577,7.47,5.4,1.0,1,0,0,2026-05-03T11:44:06.685+07:00
2022-05-06 05:29:23.778,990,1237371,1.606,19.92,0.0806,0,0,0,2026-05-03T11:44:06.716+07:00
2022-05-03 09:39:49.155,176,1340675,6.071,8.033,0.7558,0,0,0,2026-05-03T11:44:06.726+07:00
2022-05-07 08:39:20.103,856,3808459,1.234,0.0,0.0,0,0,0,2026-05-03T11:44:06.779+07:00
2022-04-23 06:59:35.766,122,3042204,1.398,12.516,0.1117,0,0,0,2026-05-03T11:44:06.811+07:00
2022-05-03 10:55:06.640,283,1677737,1.878,562.56,0.0033,0,0,0,2026-05-03T11:44:06.864+07:00
2022-05-01 02:49:14.531,781,511643,10.0,10.833,0.9231,1,0,0,2026-05-03T11:44:06.885+07:00
2022-05-05 12:17:12.262,944,2621231,4.449,298.566,0.0149,0,0,0,2026-05-03T11:44:06.896+07:00
2022-04-26 11:17:04.493,118,2458826,0.0,42.933,0.0,0,0,0,2026-05-03T11:44:06.916+07:00
2022-05-06 00:24:44.136,879,3000767,51.201,148.501,0.3448,1,0,0,2026-05-03T11:44:06.927+07:00
2022-05-04 04:09:13.778,391,2755712,30.341,208.916,0.1452,1,0,0,2026-05-03T11:44:06.989+07:00
2022-04-26 02:40:06.594,240,1702907,0.747,13.466,0.0555,0,0,0,2026-05-03T11:44:07.020+07:00
2022-04-30 14:51:21.765,712,1002115,11.159,9.866,1.0,1,0,0,2026-05-03T11:44:07.030+07:00
2022-04-23 00:16:38.190,831,1309719,25.443,38.666,0.658,1,0,0,2026-05-03T11:44:07.072+07:00
2022-05-04 09:31:20.191,413,2229794,0.0,16.566,0.0,0,0,0,2026-05-03T11:44:07.082+07:00
2022-05-05 03:00:48.057,920,2036769,0.0,8.933,0.0,0,0,0,2026-05-03T11:44:07.123+07:00
2022-04-22 11:48:02.210,21,1728830,4.02,184.6,0.0218,0,0,0,2026-05-03T11:44:07.134+07:00
2022-04-27 13:53:31.595,852,3119437,7.187,0.0,0.0,1,0,0,2026-05-03T11:44:07.144+07:00
2022-05-04 01:37:20.343,427,1661798,15.977,17.466,0.9147,1,0,0,2026-05-03T11:44:07.186+07:00
2022-04-30 17:32:28.047,640,4227369,9.554,7.675,1.0,1,0,0,2026-05-03T11:44:07.268+07:00
2022-04-30 11:30:13.484,920,477685,0.0,166.8,0.0,0,0,0,2026-05-03T11:44:07.300+07:00
2022-04-23 08:26:46.213,495,1466840,6.555,8.119,0.8074,0,0,0,2026-05-03T11:44:07.310+07:00
2022-05-08 12:54:35.328,322,1699706,1.496,80.8,0.0185,0,0,0,2026-05-03T11:44:07.372+07:00
2022-04-30 10:36:23.043,473,4029012,10.736,10.3,1.0,1,0,0,2026-05-03T11:44:07.435+07:00
2022-05-02 10:21:25.398,734,972476,0.768,30.0,0.0256,0,0,0,2026-05-03T11:44:07.486+07:00
2022-05-05 09:05:37.470,410,3745976,3.823,29.6,0.1292,0,0,0,2026-05-03T11:44:07.497+07:00
2022-05-01 10:00:55.086,0,1386275,117.238,21.133,1.0,1,0,0,2026-05-03T11:44:07.538+07:00
2022-04-25 04:59:52.748,157,3209425,2.926,6.733,0.4346,0,0,0,2026-05-03T11:44:07.559+07:00
2022-05-04 04:17:22.447,788,3235326,1.998,12.166,0.1642,0,0,0,2026-05-03T11:44:07.580+07:00
2022-04-24 10:49:14.359,401,105510,15.613,54.3,0.2875,1,0,0,2026-05-03T11:44:07.623+07:00
2022-04-30 11:51:36.798,996,189488,1.694,349.5,0.0048,0,0,0,2026-05-03T11:44:07.697+07:00
2022-04-23 10:34:08.468,329,372922,81.921,78.375,1.0,1,0,0,2026-05-03T11:44:07.708+07:00
2022-04-25 00:59:18.537,142,1267407,37.716,192.533,0.1959,1,0,0,2026-05-03T11:44:07.718+07:00
2022-04-27 23:33:32.893,447,4158172,0.0,40.0,0.0,0,0,0,2026-05-03T11:44:07.770+07:00
2022-05-04 09:57:41.693,128,2021969,0.0,20.9,0.0,0,0,0,2026-05-03T11:44:07.801+07:00
2022-05-01 07:26:06.326,71,1952517,0.0,0.0,0.0,0,0,0,2026-05-03T11:44:07.822+07:00
2022-04-30 04:34:56.181,725,4242657,0.0,37.066,0.0,0,0,0,2026-05-03T11:44:07.832+07:00
2022-04-26 09:04:57.824,859,275078,0.0,146.233,0.0,0,0,0,2026-05-03T11:44:07.842+07:00
2022-05-02 04:35:25.332,366,4259594,1.395,36.44,0.0383,0,0,0,2026-05-03T11:44:07.915+07:00
2022-04-25 05:40:42.594,68,672804,1.36,15.066,0.0903,0,0,0,2026-05-03T11:44:07.925+07:00
2022-04-25 10:26:04.887,366,2481934,0.943,151.566,0.0062,0,0,0,2026-05-03T11:44:07.997+07:00
2022-05-07 17:12:57.811,300,2884272,1.15,13.983,0.0822,1,0,0,2026-05-03T11:44:08.008+07:00
2022-04-24 06:36:02.606,134,2326772,12.878,13.3,0.9683,1,0,0,2026-05-03T11:44:08.018+07:00
2022-04-25 05:20:49.925,449,602000,20.492,0.0,0.0,1,1,0,2026-05-03T11:44:08.142+07:00
2022-04-26 08:47:55.087,230,2345252,7.95,43.733,0.1818,1,0,0,2026-05-03T11:44:08.152+07:00
2022-05-03 01:39:07.166,64,964208,4.798,91.666,0.0523,0,0,0,2026-05-03T11:44:08.163+07:00
2022-04-24 19:28:20.849,325,3804378,1.784,11.85,0.1505,0,0,0,2026-05-03T11:44:08.215+07:00
2022-05-01 04:17:10.173,0,1493223,1.528,300.0,0.0051,0,0,0,2026-05-03T11:44:08.256+07:00
2022-04-24 01:08:24.010,924,3363337,0.0,60.067,0.0,0,0,0,2026-05-03T11:44:08.267+07:00
2022-04-30 00:06:20.538,344,4160370,10.319,9.466,1.0,1,0,0,2026-05-03T11:44:08.277+07:00
2022-05-04 10:15:46.283,304,1732375,26.011,24.8,1.0,1,0,0,2026-05-03T11:44:08.287+07:00
2022-05-06 05:28:23.108,15,357959,9.059,0.0,0.0,1,0,0,2026-05-03T11:44:08.308+07:00
2022-05-04 01:06:21.177,145,3009398,2.195,70.8,0.031,0,0,0,2026-05-03T11:44:08.318+07:00
2022-05-08 10:02:02.890,542,965262,4.748,92.916,0.0511,0,0,0,2026-05-03T11:44:08.339+07:00
2022-05-07 10:23:32.387,225,1846093,73.293,73.733,0.994,1,0,0,2026-05-03T11:44:08.349+07:00
2022-04-22 23:34:07.306,457,2580716,16.568,23.133,0.7162,1,0,0,2026-05-03T11:44:08.380+07:00
2022-04-24 14:33:13.210,769,1127012,2.346,0.0,0.0,0,1,0,2026-05-03T11:44:08.421+07:00
2022-05-01 09:47:28.393,967,306339,15.956,8.433,1.0,1,0,0,2026-05-03T11:44:08.464+07:00
2022-04-26 03:46:07.986,734,4146565,1.529,252.366,0.0061,0,0,0,2026-05-03T11:44:08.506+07:00
2022-04-25 10:48:59.896,602,417979,3.961,111.4,0.0356,0,0,0,2026-05-03T11:44:08.517+07:00
2022-04-28 10:53:14.759,662,787272,2.674,153.85,0.0174,0,0,0,2026-05-03T11:44:08.538+07:00
2022-05-08 11:38:32.749,710,1438481,20.584,40.366,0.5099,1,0,0,2026-05-03T11:44:08.613+07:00
2022-04-23 00:31:51.010,709,2668497,48.27,84.283,0.5727,1,0,0,2026-05-03T11:44:08.633+07:00
2022-05-06 15:27:17.630,169,4263430,0.0,32.5,0.0,0,0,0,2026-05-03T11:44:08.685+07:00
2022-04-23 21:48:36.888,578,2954374,9.99,7.133,1.0,1,0,0,2026-05-03T11:44:08.727+07:00
2022-05-08 00:34:49.445,204,2128848,48.436,25.133,1.0,1,0,0,2026-05-03T11:44:08.768+07:00
2022-05-07 12:02:21.169,893,4208295,1.802,11.5,0.1567,0,0,0,2026-05-03T11:44:08.830+07:00
2022-04-27 08:28:30.844,856,127520,0.0,147.366,0.0,0,0,0,2026-05-03T11:44:08.840+07:00
2022-05-02 23:08:57.748,744,43500,3.808,10.733,0.3548,0,0,0,2026-05-03T11:44:08.861+07:00
2022-05-07 03:53:43.779,720,160553,4.242,190.0,0.0223,0,0,0,2026-05-03T11:44:08.882+07:00
2022-05-08 09:36:07.849,540,1625266,0.999,5.533,0.1806,0,0,0,2026-05-03T11:44:08.923+07:00
2022-04-26 04:38:11.845,26,20891,0.0,44.033,0.0,0,0,0,2026-05-03T11:44:09.006+07:00
2022-04-22 19:51:58.581,200,2727185,41.764,190.333,0.2194,1,0,0,2026-05-03T11:44:09.027+07:00
2022-05-07 11:28:31.025,744,1086356,4.288,23.5,0.1825,0,0,0,2026-05-03T11:44:09.037+07:00
2022-05-01 12:58:49.917,238,1737634,1.955,15.566,0.1256,0,0,0,2026-05-03T11:44:09.057+07:00
2022-04-28 08:59:49.095,956,2550151,24.576,11.878,1.0,1,0,0,2026-05-03T11:44:09.078+07:00
2022-04-25 12:05:42.938,336,3952561,4.354,18.4,0.2366,0,0,0,2026-05-03T11:44:09.099+07:00
2022-05-02 10:30:10.776,786,2538362,41.786,41.333,1.0,1,0,0,2026-05-03T11:44:09.109+07:00
2022-04-29 13:27:52.335,62,1812174,2.929,9.92,0.2953,0,0,0,2026-05-03T11:44:09.120+07:00
2022-05-06 07:33:23.983,723,4327571,152.929,152.72,1.0,1,0,0,2026-05-03T11:44:09.182+07:00
2022-05-03 05:43:53.448,772,2675559,1.464,6.266,0.2336,0,0,0,2026-05-03T11:44:09.212+07:00
2022-04-26 01:47:03.699,868,3178664,13.672,13.6,1.0,1,0,0,2026-05-03T11:44:09.244+07:00
2022-04-30 08:58:33.357,66,5933,16.713,82.32,0.203,1,0,0,2026-05-03T11:44:09.296+07:00
2022-04-26 08:29:29.419,625,4207414,5.21,131.166,0.0397,0,0,0,2026-05-03T11:44:09.420+07:00
2022-04-29 15:07:59.030,740,382569,5.52,16.2,0.3407,0,0,0,2026-05-03T11:44:09.431+07:00
2022-05-04 15:12:40.967,206,3492434,28.594,128.216,0.223,1,0,0,2026-05-03T11:44:09.441+07:00
2022-05-01 02:30:29.292,934,3943277,1.8,12.716,0.1416,0,0,0,2026-05-03T11:44:09.482+07:00
2022-04-26 14:44:00.783,15,2319801,1.871,74.86,0.025,0,0,0,2026-05-03T11:44:09.493+07:00
2022-04-29 02:06:59.339,793,2542735,0.0,62.1,0.0,0,0,0,2026-05-03T11:44:09.524+07:00
2022-05-07 03:05:15.013,242,1036125,3.541,150.133,0.0236,0,0,0,2026-05-03T11:44:09.585+07:00
2022-04-26 06:48:11.560,707,667076,14.79,8.433,1.0,1,0,0,2026-05-03T11:44:09.617+07:00
2022-05-06 14:28:56.036,357,524791,44.676,152.919,0.2922,1,0,0,2026-05-03T11:44:09.658+07:00
2022-04-28 03:43:34.845,202,2683066,1.333,19.766,0.0674,0,0,0,2026-05-03T11:44:09.680+07:00
2022-05-01 08:37:31.224,805,2089685,0.0,117.433,0.0,0,0,0,2026-05-03T11:44:09.701+07:00
2022-05-04 08:35:01.793,770,3503028,0.0,0.0,0.0,0,0,0,2026-05-03T11:44:09.723+07:00
2022-04-28 22:05:17.661,111,4048226,2.955,61.5,0.048,0,0,0,2026-05-03T11:45:02.571+07:00
2022-05-03 11:56:38.492,954,1321506,0.914,71.79,0.0127,0,0,0,2026-05-03T11:45:02.581+07:00
2022-05-08 12:05:08.286,346,1569751,9.363,8.266,1.0,1,0,0,2026-05-03T11:45:02.612+07:00
2022-05-04 12:18:29.569,308,354697,1.377,7.883,0.1747,0,0,0,2026-05-03T11:45:02.643+07:00
2022-05-05 03:17:15.351,830,797712,48.759,35.016,1.0,1,0,0,2026-05-03T11:45:02.653+07:00
2022-04-23 16:02:39.012,525,86618,2.474,0.0,0.0,0,0,0,2026-05-03T11:45:02.746+07:00
2022-05-05 23:43:34.416,879,1294292,0.031,8.6,0.0036,0,0,0,2026-05-03T11:45:02.809+07:00
2022-05-02 01:49:53.505,986,4214134,5.714,46.0,0.1242,0,0,0,2026-05-03T11:45:02.819+07:00
2022-04-29 10:19:23.799,725,699080,0.979,0.0,0.0,0,0,0,2026-05-03T11:45:02.840+07:00
2022-05-07 03:27:58.452,594,4035771,1.25,96.9,0.0129,0,0,0,2026-05-03T11:45:02.861+07:00
2022-05-02 23:12:03.580,407,1906828,0.0,9.683,0.0,0,0,0,2026-05-03T11:45:02.872+07:00
2022-05-02 15:26:38.929,16,3981552,1.258,18.283,0.0688,0,0,0,2026-05-03T11:45:02.882+07:00
2022-04-29 10:41:45.790,677,1361786,11.702,14.482,0.808,1,0,0,2026-05-03T11:45:02.977+07:00
2022-05-07 11:28:47.737,672,1469266,2.076,42.166,0.0492,0,0,0,2026-05-03T11:45:03.051+07:00
2022-05-06 04:42:19.003,292,2232898,12.837,75.466,0.1701,1,0,0,2026-05-03T11:45:03.156+07:00
2022-04-30 07:56:56.517,323,2564503,2.382,10.966,0.2172,0,0,0,2026-05-03T11:45:03.219+07:00
2022-05-01 15:19:04.010,967,3471455,160.759,159.766,1.0,1,0,0,2026-05-03T11:45:03.304+07:00
2022-05-06 14:06:56.727,134,2829615,19.386,18.375,1.0,1,0,0,2026-05-03T11:45:03.357+07:00
2022-05-07 11:24:33.325,954,3391715,0.0,8.0,0.0,0,0,0,2026-05-03T11:45:03.431+07:00
2022-05-04 18:28:34.855,50,1861874,15.692,126.084,0.1245,1,0,0,2026-05-03T11:45:03.463+07:00
2022-04-27 23:57:10.047,191,681051,1.88,12.733,0.1476,0,0,0,2026-05-03T11:45:03.473+07:00
2022-04-22 10:08:28.862,882,2414382,32.184,10.41,1.0,1,0,0,2026-05-03T11:45:03.495+07:00
2022-05-05 16:18:14.356,824,1165579,6.895,0.0,0.0,0,0,0,2026-05-03T11:45:03.569+07:00
2022-05-05 06:44:17.779,434,1626753,0.0,356.184,0.0,0,0,0,2026-05-03T11:45:03.580+07:00
2022-05-02 09:46:42.105,225,3950865,11.658,14.266,0.8172,1,0,0,2026-05-03T11:45:03.590+07:00
2022-05-07 14:54:36.398,295,2200990,0.0,147.133,0.0,0,0,0,2026-05-03T11:45:03.623+07:00
2022-05-06 00:51:32.655,879,677421,0.298,7.066,0.0422,0,0,0,2026-05-03T11:45:03.633+07:00
2022-05-02 15:42:00.031,76,1614233,0.0,38.0,0.0,0,0,0,2026-05-03T11:45:03.655+07:00
2022-04-23 07:59:39.786,739,1120889,0.0,423.433,0.0,0,0,0,2026-05-03T11:45:03.697+07:00
2022-04-29 13:02:46.910,559,1351710,1.554,259.731,0.006,0,0,0,2026-05-03T11:45:03.707+07:00
2022-04-28 01:26:44.716,211,1407708,14.075,0.0,0.0,1,0,0,2026-05-03T11:45:03.750+07:00
2022-05-03 16:24:16.751,702,2933945,0.0,7.683,0.0,0,0,0,2026-05-03T11:45:03.835+07:00
2022-05-03 00:47:11.605,797,503153,4.341,86.52,0.0502,0,0,0,2026-05-03T11:45:03.856+07:00
2022-04-30 19:12:45.153,169,3497746,4.641,11.84,0.392,0,0,0,2026-05-03T11:45:03.867+07:00
2022-05-06 06:10:59.964,681,3862830,2.224,27.9,0.0797,0,0,0,2026-05-03T11:45:03.878+07:00
2022-04-29 23:36:06.084,68,2563666,2.62,70.32,0.0373,0,0,0,2026-05-03T11:45:03.888+07:00
2022-04-27 00:16:59.562,787,192145,26.197,0.0,0.0,1,0,0,2026-05-03T11:45:03.909+07:00
2022-04-21 18:54:01.605,791,439468,4.353,324.266,0.0134,0,0,0,2026-05-03T11:45:03.931+07:00
2022-04-30 08:08:23.140,403,1511975,76.808,439.76,0.1747,1,0,0,2026-05-03T11:45:03.952+07:00
2022-05-06 11:56:55.723,473,3629705,4.427,138.95,0.0319,0,0,0,2026-05-03T11:45:03.984+07:00
2022-04-30 02:37:46.139,106,2708772,23.519,36.033,0.6527,1,0,0,2026-05-03T11:45:03.994+07:00
2022-04-25 10:06:50.374,695,1738220,10.455,10.266,1.0,1,0,0,2026-05-03T11:45:04.005+07:00
2022-05-03 12:28:30.166,868,134112,2.01,7.0,0.2871,0,0,0,2026-05-03T11:45:04.026+07:00
2022-04-27 13:05:31.191,177,2086325,26.968,8.433,1.0,1,0,0,2026-05-03T11:45:04.047+07:00
2022-04-30 05:10:28.910,462,2851959,4.649,68.0,0.0684,0,0,0,2026-05-03T11:45:04.068+07:00
2022-05-02 09:12:17.331,542,3591208,4.521,6.873,0.6578,0,0,0,2026-05-03T11:45:04.111+07:00
2022-05-02 08:58:13.413,7,2559903,9.05,8.366,1.0,1,0,0,2026-05-03T11:45:04.122+07:00
2022-04-26 12:31:23.617,840,1980508,1.114,4.833,0.2305,0,0,0,2026-05-03T11:45:04.133+07:00
2022-05-08 14:12:21.228,357,2388760,0.0,97.333,0.0,0,0,0,2026-05-03T11:45:04.143+07:00
2022-05-07 05:18:54.970,166,2121020,3.565,18.166,0.1962,1,0,0,2026-05-03T11:45:04.185+07:00
2022-05-06 01:01:04.628,453,2732220,19.356,60.131,0.3219,1,0,0,2026-05-03T11:45:04.196+07:00
2022-05-06 11:46:17.409,702,1586734,2.08,85.562,0.0243,0,0,0,2026-05-03T11:45:04.262+07:00
2022-04-28 01:47:21.635,862,370666,0.0,10.666,0.0,0,0,0,2026-05-03T11:45:04.296+07:00
2022-04-23 07:50:49.201,216,2370120,3.66,7.066,0.518,0,0,0,2026-05-03T11:45:04.317+07:00
2022-05-02 01:21:24.606,346,2740235,8.068,20.0,0.4034,1,1,0,2026-05-03T11:45:04.350+07:00
2022-04-25 06:04:42.209,973,321772,0.0,42.56,0.0,0,0,0,2026-05-03T11:45:04.393+07:00
2022-04-29 18:28:01.216,222,761357,44.073,218.846,0.2014,1,0,0,2026-05-03T11:45:04.403+07:00
2022-05-05 17:46:07.338,703,1476289,0.0,9.5,0.0,0,0,0,2026-05-03T11:45:04.425+07:00
2022-04-30 10:48:14.651,607,3699980,13.802,12.846,1.0,1,0,0,2026-05-03T11:45:04.446+07:00
2022-04-25 12:48:18.963,802,4317583,68.676,65.766,1.0,1,0,0,2026-05-03T11:45:04.470+07:00
2022-04-27 06:26:00.471,770,4125059,0.0,23.172,0.0,0,0,0,2026-05-03T11:45:04.490+07:00
2022-05-04 04:50:58.370,540,3517378,1.095,119.366,0.0092,0,0,0,2026-05-03T11:45:04.525+07:00
2022-05-07 14:19:02.887,73,3964088,18.53,27.066,0.6846,1,0,0,2026-05-03T11:45:04.536+07:00
2022-04-23 01:38:26.119,911,3866582,2.012,17.833,0.1128,0,0,0,2026-05-03T11:45:04.570+07:00
2022-05-06 12:24:11.437,920,701046,0.0,300.133,0.0,0,0,0,2026-05-03T11:45:04.581+07:00
2022-05-07 00:51:01.438,370,227108,34.131,31.866,1.0,1,0,0,2026-05-03T11:45:04.592+07:00
2022-05-07 11:17:38.984,923,4161616,3.876,0.0,0.0,0,0,0,2026-05-03T11:45:04.602+07:00
2022-04-28 17:04:26.686,325,1610714,1.077,82.44,0.0131,0,0,0,2026-05-03T11:45:04.655+07:00
2022-04-24 07:40:43.011,154,75577,7.47,5.4,1.0,1,0,0,2026-05-03T11:45:04.729+07:00
2022-05-06 05:29:23.778,990,1237371,1.606,19.92,0.0806,0,0,0,2026-05-03T11:45:04.761+07:00
2022-05-03 09:39:49.155,176,1340675,6.071,8.033,0.7558,0,0,0,2026-05-03T11:45:04.771+07:00
2022-05-07 08:39:20.103,856,3808459,1.234,0.0,0.0,0,0,0,2026-05-03T11:45:04.825+07:00
2022-04-23 06:59:35.766,122,3042204,1.398,12.516,0.1117,0,0,0,2026-05-03T11:45:04.857+07:00
2022-05-03 10:55:06.640,283,1677737,1.878,562.56,0.0033,0,0,0,2026-05-03T11:45:04.912+07:00
2022-05-01 02:49:14.531,781,511643,10.0,10.833,0.9231,1,0,0,2026-05-03T11:45:04.934+07:00
2022-05-05 12:17:12.262,944,2621231,4.449,298.566,0.0149,0,0,0,2026-05-03T11:45:04.946+07:00
2022-04-26 11:17:04.493,118,2458826,0.0,42.933,0.0,0,0,0,2026-05-03T11:45:04.969+07:00
2022-05-06 00:24:44.136,879,3000767,51.201,148.501,0.3448,1,0,0,2026-05-03T11:45:04.979+07:00
2022-05-04 04:09:13.778,391,2755712,30.341,208.916,0.1452,1,0,0,2026-05-03T11:45:05.047+07:00
2022-04-26 02:40:06.594,240,1702907,0.747,13.466,0.0555,0,0,0,2026-05-03T11:45:05.083+07:00
2022-04-30 14:51:21.765,712,1002115,11.159,9.866,1.0,1,0,0,2026-05-03T11:45:05.094+07:00
2022-04-23 00:16:38.190,831,1309719,25.443,38.666,0.658,1,0,0,2026-05-03T11:45:05.138+07:00
2022-05-04 09:31:20.191,413,2229794,0.0,16.566,0.0,0,0,0,2026-05-03T11:45:05.149+07:00
2022-05-05 03:00:48.057,920,2036769,0.0,8.933,0.0,0,0,0,2026-05-03T11:45:05.194+07:00
2022-04-22 11:48:02.210,21,1728830,4.02,184.6,0.0218,0,0,0,2026-05-03T11:45:05.205+07:00
2022-04-27 13:53:31.595,852,3119437,7.187,0.0,0.0,1,0,0,2026-05-03T11:45:05.216+07:00
2022-05-04 01:37:20.343,427,1661798,15.977,17.466,0.9147,1,0,0,2026-05-03T11:45:05.263+07:00
2022-04-30 17:32:28.047,640,4227369,9.554,7.675,1.0,1,0,0,2026-05-03T11:45:05.348+07:00
2022-04-30 11:30:13.484,920,477685,0.0,166.8,0.0,0,0,0,2026-05-03T11:45:05.380+07:00
2022-04-23 08:26:46.213,495,1466840,6.555,8.119,0.8074,0,0,0,2026-05-03T11:45:05.391+07:00
2022-05-08 12:54:35.328,322,1699706,1.496,80.8,0.0185,0,0,0,2026-05-03T11:45:05.454+07:00
2022-04-30 10:36:23.043,473,4029012,10.736,10.3,1.0,1,0,0,2026-05-03T11:45:05.517+07:00
2022-05-02 10:21:25.398,734,972476,0.768,30.0,0.0256,0,0,0,2026-05-03T11:45:05.569+07:00
2022-05-05 09:05:37.470,410,3745976,3.823,29.6,0.1292,0,0,0,2026-05-03T11:45:05.579+07:00
2022-05-01 10:00:55.086,0,1386275,117.238,21.133,1.0,1,0,0,2026-05-03T11:45:05.621+07:00
2022-04-25 04:59:52.748,157,3209425,2.926,6.733,0.4346,0,0,0,2026-05-03T11:45:05.642+07:00
2022-05-04 04:17:22.447,788,3235326,1.998,12.166,0.1642,0,0,0,2026-05-03T11:45:05.662+07:00
2022-04-24 10:49:14.359,401,105510,15.613,54.3,0.2875,1,0,0,2026-05-03T11:45:05.703+07:00
2022-04-30 11:51:36.798,996,189488,1.694,349.5,0.0048,0,0,0,2026-05-03T11:45:05.776+07:00
2022-04-23 10:34:08.468,329,372922,81.921,78.375,1.0,1,0,0,2026-05-03T11:45:05.787+07:00
2022-04-25 00:59:18.537,142,1267407,37.716,192.533,0.1959,1,0,0,2026-05-03T11:45:05.797+07:00
2022-04-27 23:33:32.893,447,4158172,0.0,40.0,0.0,0,0,0,2026-05-03T11:45:05.850+07:00
2022-05-04 09:57:41.693,128,2021969,0.0,20.9,0.0,0,0,0,2026-05-03T11:45:05.882+07:00
2022-05-01 07:26:06.326,71,1952517,0.0,0.0,0.0,0,0,0,2026-05-03T11:45:05.903+07:00
2022-04-30 04:34:56.181,725,4242657,0.0,37.066,0.0,0,0,0,2026-05-03T11:45:05.913+07:00
2022-04-26 09:04:57.824,859,275078,0.0,146.233,0.0,0,0,0,2026-05-03T11:45:05.923+07:00
2022-05-02 04:35:25.332,366,4259594,1.395,36.44,0.0383,0,0,0,2026-05-03T11:45:05.996+07:00
2022-04-25 05:40:42.594,68,672804,1.36,15.066,0.0903,0,0,0,2026-05-03T11:45:06.007+07:00
2022-04-25 10:26:04.887,366,2481934,0.943,151.566,0.0062,0,0,0,2026-05-03T11:45:06.079+07:00
2022-05-07 17:12:57.811,300,2884272,1.15,13.983,0.0822,1,0,0,2026-05-03T11:45:06.090+07:00
2022-04-24 06:36:02.606,134,2326772,12.878,13.3,0.9683,1,0,0,2026-05-03T11:45:06.100+07:00
2022-04-25 05:20:49.925,449,602000,20.492,0.0,0.0,1,1,0,2026-05-03T11:45:06.225+07:00
2022-04-26 08:47:55.087,230,2345252,7.95,43.733,0.1818,1,0,0,2026-05-03T11:45:06.236+07:00
2022-05-03 01:39:07.166,64,964208,4.798,91.666,0.0523,0,0,0,2026-05-03T11:45:06.246+07:00
2022-04-24 19:28:20.849,325,3804378,1.784,11.85,0.1505,0,0,0,2026-05-03T11:45:06.299+07:00
2022-05-01 04:17:10.173,0,1493223,1.528,300.0,0.0051,0,0,0,2026-05-03T11:45:06.341+07:00
2022-04-24 01:08:24.010,924,3363337,0.0,60.067,0.0,0,0,0,2026-05-03T11:45:06.352+07:00
2022-04-30 00:06:20.538,344,4160370,10.319,9.466,1.0,1,0,0,2026-05-03T11:45:06.362+07:00
2022-05-04 10:15:46.283,304,1732375,26.011,24.8,1.0,1,0,0,2026-05-03T11:45:06.373+07:00
2022-05-06 05:28:23.108,15,357959,9.059,0.0,0.0,1,0,0,2026-05-03T11:45:06.394+07:00
2022-05-04 01:06:21.177,145,3009398,2.195,70.8,0.031,0,0,0,2026-05-03T11:45:06.404+07:00
2022-05-08 10:02:02.890,542,965262,4.748,92.916,0.0511,0,0,0,2026-05-03T11:45:06.425+07:00
2022-05-07 10:23:32.387,225,1846093,73.293,73.733,0.994,1,0,0,2026-05-03T11:45:06.436+07:00
2022-04-22 23:34:07.306,457,2580716,16.568,23.133,0.7162,1,0,0,2026-05-03T11:45:06.467+07:00
2022-04-24 14:33:13.210,769,1127012,2.346,0.0,0.0,0,1,0,2026-05-03T11:45:06.510+07:00
2022-05-01 09:47:28.393,967,306339,15.956,8.433,1.0,1,0,0,2026-05-03T11:45:06.554+07:00
2022-04-26 03:46:07.986,734,4146565,1.529,252.366,0.0061,0,0,0,2026-05-03T11:45:06.599+07:00
2022-04-25 10:48:59.896,602,417979,3.961,111.4,0.0356,0,0,0,2026-05-03T11:45:06.610+07:00
2022-04-28 10:53:14.759,662,787272,2.674,153.85,0.0174,0,0,0,2026-05-03T11:45:06.634+07:00
2022-05-08 11:38:32.749,710,1438481,20.584,40.366,0.5099,1,0,0,2026-05-03T11:45:06.717+07:00
2022-04-23 00:31:51.010,709,2668497,48.27,84.283,0.5727,1,0,0,2026-05-03T11:45:06.738+07:00
2022-05-06 15:27:17.630,169,4263430,0.0,32.5,0.0,0,0,0,2026-05-03T11:45:06.795+07:00
2022-04-23 21:48:36.888,578,2954374,9.99,7.133,1.0,1,0,0,2026-05-03T11:45:06.845+07:00
2022-05-08 00:34:49.445,204,2128848,48.436,25.133,1.0,1,0,0,2026-05-03T11:45:06.891+07:00
2022-05-07 12:02:21.169,893,4208295,1.802,11.5,0.1567,0,0,0,2026-05-03T11:45:06.954+07:00
2022-04-27 08:28:30.844,856,127520,0.0,147.366,0.0,0,0,0,2026-05-03T11:45:06.965+07:00
2022-05-02 23:08:57.748,744,43500,3.808,10.733,0.3548,0,0,0,2026-05-03T11:45:06.986+07:00
2022-05-07 03:53:43.779,720,160553,4.242,190.0,0.0223,0,0,0,2026-05-03T11:45:07.007+07:00
2022-05-08 09:36:07.849,540,1625266,0.999,5.533,0.1806,0,0,0,2026-05-03T11:45:07.049+07:00
2022-04-26 04:38:11.845,26,20891,0.0,44.033,0.0,0,0,0,2026-05-03T11:45:07.137+07:00
2022-04-22 19:51:58.581,200,2727185,41.764,190.333,0.2194,1,0,0,2026-05-03T11:45:07.158+07:00
2022-05-07 11:28:31.025,744,1086356,4.288,23.5,0.1825,0,0,0,2026-05-03T11:45:07.168+07:00
2022-05-01 12:58:49.917,238,1737634,1.955,15.566,0.1256,0,0,0,2026-05-03T11:45:07.189+07:00
2022-04-28 08:59:49.095,956,2550151,24.576,11.878,1.0,1,0,0,2026-05-03T11:45:07.210+07:00
2022-04-25 12:05:42.938,336,3952561,4.354,18.4,0.2366,0,0,0,2026-05-03T11:45:07.231+07:00
2022-05-02 10:30:10.776,786,2538362,41.786,41.333,1.0,1,0,0,2026-05-03T11:45:07.241+07:00
2022-04-29 13:27:52.335,62,1812174,2.929,9.92,0.2953,0,0,0,2026-05-03T11:45:07.252+07:00
2022-05-06 07:33:23.983,723,4327571,152.929,152.72,1.0,1,0,0,2026-05-03T11:45:07.314+07:00
2022-05-03 05:43:53.448,772,2675559,1.464,6.266,0.2336,0,0,0,2026-05-03T11:45:07.345+07:00
2022-04-26 01:47:03.699,868,3178664,13.672,13.6,1.0,1,0,0,2026-05-03T11:45:07.376+07:00
2022-04-30 08:58:33.357,66,5933,16.713,82.32,0.203,1,0,0,2026-05-03T11:45:07.429+07:00
2022-04-26 08:29:29.419,625,4207414,5.21,131.166,0.0397,0,0,0,2026-05-03T11:45:07.553+07:00
2022-04-29 15:07:59.030,740,382569,5.52,16.2,0.3407,0,0,0,2026-05-03T11:45:07.563+07:00
2022-05-04 15:12:40.967,206,3492434,28.594,128.216,0.223,1,0,0,2026-05-03T11:45:07.574+07:00
2022-05-01 02:30:29.292,934,3943277,1.8,12.716,0.1416,0,0,0,2026-05-03T11:45:07.615+07:00
2022-04-26 14:44:00.783,15,2319801,1.871,74.86,0.025,0,0,0,2026-05-03T11:45:07.626+07:00
2022-04-29 02:06:59.339,793,2542735,0.0,62.1,0.0,0,0,0,2026-05-03T11:45:07.656+07:00
2022-05-07 03:05:15.013,242,1036125,3.541,150.133,0.0236,0,0,0,2026-05-03T11:45:07.718+07:00
2022-04-26 06:48:11.560,707,667076,14.79,8.433,1.0,1,0,0,2026-05-03T11:45:07.749+07:00
2022-05-06 14:28:56.036,357,524791,44.676,152.919,0.2922,1,0,0,2026-05-03T11:45:07.791+07:00
2022-04-28 03:43:34.845,202,2683066,1.333,19.766,0.0674,0,0,0,2026-05-03T11:45:07.811+07:00
2022-05-01 08:37:31.224,805,2089685,0.0,117.433,0.0,0,0,0,2026-05-03T11:45:07.833+07:00
2022-05-04 08:35:01.793,770,3503028,0.0,0.0,0.0,0,0,0,2026-05-03T11:45:07.854+07:00
